"","s__Neisseria_flavescens","s__Alloprevotella_tannerae","s__Corynebacterium_matruchotii","s__Porphyromonas_sp_oral_taxon_278","s__Fusobacterium_nucleatum","s__Leptotrichia_buccalis","s__Capnocytophaga_sp_oral_taxon_329","s__candidate_division_TM7_single_cell_isolate_TM7b","s__Capnocytophaga_granulosa","s__Treponema_denticola","s__Dialister_invisus","s__candidate_division_TM7_single_cell_isolate_TM7c","s__Prevotella_melaninogenica","s__Prevotella_maculosa","s__Treponema_socranskii","s__Veillonella_parvula","s__Gemella_morbillorum","s__Actinomyces_johnsonii","s__Leptotrichia_wadei","s__Aggregatibacter_sp_oral_taxon_458","s__Streptococcus_gordonii","s__Capnocytophaga_gingivalis","s__Prevotella_saccharolytica","s__Treponema_medium","s__Campylobacter_gracilis","s__Selenomonas_infelix","s__Peptostreptococcus_stomatis","s__Eubacterium_infirmum","s__Prevotella_oulorum","s__Selenomonas_noxia","s__Candidatus_Prevotella_conceptionensis","s__Granulicatella_adiacens","s__Treponema_maltophilum","s__Capnocytophaga_ochracea","s__Cardiobacterium_valvarum","s__Prevotella_oris","s__Porphyromonas_sp_oral_taxon_279","s__Campylobacter_showae","s__Prevotella_nigrescens","s__Rothia_aeria","s__Neisseria_elongata","s__Prevotella_pallens","s__Oribacterium_sp_oral_taxon_078","s__Propionibacterium_propionicum","s__Catonella_morbi","s__Prevotella_loescheii","s__Eikenella_corrodens","s__Anaeroglobus_geminatus","s__Selenomonas_artemidis","s__Centipeda_periodontii","s__Actinomyces_naeslundii","s__Leptotrichia_shahii","s__Porphyromonas_endodontalis","s__Selenomonas_sputigena","s__Rothia_dentocariosa","s__Lachnoanaerobaculum_saburreum","s__Treponema_lecithinolyticum","s__Campylobacter_curvus","s__Leptotrichia_hofstadii","s__Solobacterium_moorei","s__Treponema_vincentii","s__Eubacterium_brachy","s__Neisseria_sicca","s__Lachnospiraceae_oral_taxon_107","s__Haemophilus_parainfluenzae","s__Atopobium_parvulum","s__Fusobacterium_periodonticum","s__Lautropia_mirabilis","s__Stomatobaculum_longum","s__Streptococcus_sanguinis","s__Actinomyces_georgiae","s__Actinomyces_massiliensis","s__Tannerella_forsythia","s__Actinomyces_oris","s__Bacteroidetes_oral_taxon_274","s__Streptococcus_cristatus","s__Actinomyces_odontolyticus","s__Campylobacter_concisus","s__Cardiobacterium_hominis","s__Corynebacterium_durum","s__Parvimonas_micra","s__Streptococcus_oligofermentans","s__Aggregatibacter_segnis","s__Streptococcus_infantis","s__Kingella_denitrificans","s__Slackia_exigua","s__Streptococcus_australis","s__Streptococcus_anginosus","s__Streptococcus_constellatus","s__Selenomonas_flueggei","s__Oribacterium_sinus","s__Lachnospiraceae_bacterium_oral_taxon_082","s__Actinomyces_viscosus","s__Atopobium_rimae","s__Campylobacter_rectus","s__Abiotrophia_defectiva","s__Neisseria_meningitidis","s__Haemophilus_paraphrohaemolyticus","s__Neisseria_subflava","s__Fretibacterium_fastidiosum","s__Gemella_haemolysans","s__Streptococcus_tigurinus","s__Prevotella_micans","s__Streptococcus_intermedius","s__Neisseria_gonorrhoeae","s__Porphyromonas_catoniae","s__Kingella_oralis","s__Neisseria_macacae","s__Lachnospiraceae_bacterium_ICM7","s__Haemophilus_haemolyticus","s__Rothia_mucilaginosa","s__Prevotella_nanceiensis","s__Veillonella_dispar","s__Actinobaculum_sp_oral_taxon_183","s__Neisseria_sp_oral_taxon_014","s__Prevotella_intermedia","s__Prevotella_denticola","s__Leptotrichia_sp_oral_taxon_215","s__Prevotella_dentalis","s__Eubacterium_saphenum","s__Mogibacterium_sp_CM50","s__Megasphaera_micronuciformis","s__Streptococcus_mutans","s__Desulfobulbus_sp_oral_taxon_041","s__Filifactor_alocis","s__Prevotella_buccae","s__Actinomyces_timonensis","s__Pseudoramibacter_alactolyticus","s__Prevotella_oralis","s__Prevotella_salivae","s__Granulicatella_elegans","s__Leptotrichia_goodfellowii","s__Streptococcus_salivarius","s__Streptococcus_parasanguinis","s__Haemophilus_influenzae","s__Veillonella_atypica","s__Bacteroidetes_bacterium_oral_taxon_272","s__Shuttleworthia_satelles","s__Actinomyces_sp_oral_taxon_180","s__Gemella_sanguinis","s__Prevotella_veroralis","s__Actinomyces_sp_oral_taxon_848","s__Neisseria_bacilliformis","s__Prevotella_pleuritidis","s__Porphyromonas_gingivalis","s__Johnsonella_ignava","s__Eubacterium_yurii","s__Aggregatibacter_actinomycetemcomitans","s__Streptococcus_vestibularis","s__Actinomyces_cardiffensis","s__Capnocytophaga_sp_oral_taxon_338","s__Capnocytophaga_sp_oral_taxon_863","s__Alloprevotella_rava","s__Prevotella_baroniae","s__Olsenella_uli","s__Eubacteriaceae_bacterium_ACC19a","s__Desulfovibrio_desulfuricans","s__Selenomonas_sp_oral_taxon_892","s__Selenomonas_sp_CM52","s__Prevotella_marshii","s__Eubacteriaceae_bacterium_OBRC8","s__Eubacteriaceae_bacterium_CM5","s__Aggregatibacter_aphrophilus","s__Eggerthia_catenaformis","s__Capnocytophaga_sp_oral_taxon_332","s__Veillonella_sp_3_1_44","s__Neisseria_lactamica","s__Leptotrichia_sp_oral_taxon_225","s__Bulleidia_extructa","s__Haemophilus_sputorum","s__Prevotella_sp_oral_taxon_473","s__Selenomonas_sp_F0473","s__Selenomonas_sp_oral_taxon_137","s__Escherichia_coli","s__Streptococcus_massiliensis","s__Capnocytophaga_sp_oral_taxon_380","s__Neisseria_cinerea","s__Haemophilus_parahaemolyticus","s__Prevotella_histicola","s__Streptococcus_sp_BS35b","s__Actinomyces_sp_oral_taxon_448"
"S01.01.D",8536469,5865271,4953267,4643609,4361368,1847634,1693303,1466168,1429788,1410521,1253469,1249092,1045276,860499,796110,775593,750397,693198,680296,605282,596584,460191,445836,440068,432638,425091,404346,395740,393672,314177,295328,287910,256941,244728,243244,240763,226833,223121,221607,221237,219588,216805,203607,200456,192712,180640,180406,166808,145288,137864,135494,132428,131604,127855,123226,123183,122949,119120,118923,104777,104278,91776,85048,83244,75143,71530,60160,56325,53924,51019,49437,42782,41496,35765,35414,30151,28064,23503,21859,16288,14460,12829,10305,9806,9751,9689,8895,8772,8501,6556,5232,5195,4838,4801,4660,4309,4014,3152,2887,2444,2395,2247,1945,1090,868,769,708,480,431,259,252,203,197,0,0,0,0,0,0,0,0,0,0,0,0,0,0,0,0,0,0,0,0,0,0,0,0,0,0,0,0,0,0,0,0,0,0,0,0,0,0,0,0,0,0,0,0,0,0,0,0,0,0,0,0,0,0,0,0,0,0,0,0,0,0,0,0,0,0,0,0
"S01.02.D",1362832,1089532,4401819,0,3851689,1914977,894021,454354,1340541,2441821,1056116,410131,1881235,389663,263600,594492,119218,174296,364715,228314,92482,359941,521515,283040,668298,32817,0,411342,51263,755268,479545,22265,192321,220046,384060,138154,28238,510894,50130,225545,138241,450721,54262,145186,278058,3247,353070,118602,7114,87894,161856,60677,196392,15065,51449,664422,41623,3750,47018,161995,90303,293414,253106,1988,3238,338990,51241,19114,49062,455812,2183,19041,725780,69613,1444142,18238,0,14618,35047,4957,73893,4236,0,0,0,391,386,5998,0,8889,5213,11115,13016,222919,118749,2170,612,716,634,54357,12148,1207,148150,160715,408,21879,3741,495,1641,1059,451,0,2244,862020,858704,169925,120989,72907,61718,52391,42443,39648,29987,29002,27752,22578,20959,9861,2739,1853,1775,1181,1081,907,616,595,204,187,0,0,0,0,0,0,0,0,0,0,0,0,0,0,0,0,0,0,0,0,0,0,0,0,0,0,0,0,0,0,0,0,0,0,0,0,0,0,0,0,0,0,0
"S01.05.R",0,0,0,0,319845,0,0,0,0,0,0,0,2103482,0,0,3115074,117476,19229,13125,0,4726,243862,0,0,170572,239,0,573,89392,51,0,93523,0,318,0,58336,0,0,0,98074,0,78100,80551,563,0,0,16257,0,0,0,112766,0,0,159,37391,0,0,0,0,1584,0,72365,179818,0,7423,558280,0,336,101906,555816,0,192,0,63280,0,5272,786,7065,0,0,36905,1400,0,2152,0,0,0,0,0,167,2670,113460,47520,63305,0,0,383,0,0,0,0,34814,0,100462,0,0,4701,0,0,0,72,10284,1020,0,0,0,0,129838,0,0,0,4925,6117,0,0,36810,0,0,3512,15424,0,0,0,272919,0,1071,0,0,142437,1812,468,0,0,0,0,0,0,0,0,0,0,0,0,0,0,0,0,0,0,0,0,0,0,0,0,0,0,0,0,0,0,0,0,0,0,0,0,0,0,0,0
"S01.06.R",8625,174603,1721188,0,353374,8513,0,0,0,0,0,0,83421,14947,0,5150640,43534,29682,1585300,0,35868,3609135,0,0,106514,1989,0,0,95225,164084,23673,1024083,0,29741,0,141281,0,0,0,2562184,2598194,4333,40728,80521,0,1178,733778,1148,0,0,321555,5671,0,8305,726479,0,0,1640,13988,0,0,77691,7834908,0,696738,5369,8542,685277,56865,8584705,669,278,0,50241,0,63501,9093,11609,54527,16753,26225,43250,781,101263,0,0,15178,876,0,41207,18736,0,25449,5227,0,1521,151131,0,2184,0,0,281804,0,444692,0,0,86979,28859,0,0,56640,15421,2107,0,836119,0,0,183980,0,0,0,0,71404,0,0,4683,0,0,76714,2907,0,959,864,1545797,0,770,0,0,0,62122,107,44617,1669,0,0,0,0,0,0,0,0,0,0,0,0,0,0,0,0,0,0,0,0,0,0,0,0,0,0,0,0,0,0,0,0,0,0,0,0,0,0
"S03.01.D",11798,7675,539140,0,1381980,899,0,0,4083,1132024,12395,2364,2311,1220,41612,151616,111613,38667,1268,0,110240,98674,0,137506,15396,0,12392,0,0,0,19683,37126,33415,5437,0,24581,380993,0,9834,5325,54827,1117,16168,21430,123743,1294,66355,1380,0,0,31050,0,285642,1249,88662,771,554064,0,193,0,63926,603968,29320,1146,508990,0,25828,59,0,82322,0,80941,169024,27532,94360,10141,5435,0,0,46929,58302,8325,1544,8771,112007,0,0,0,0,0,0,0,47069,0,98140,68311,922,0,1664,12527,266489,0,0,126366,0,0,37038,24942,3345,13689,3000,5216,254,0,0,39414,0,0,4377,873,0,0,0,8793,126107,3691,0,2994,12750,0,14683,4834,1005,14806,14786,0,368,0,0,3189,0,0,0,1776367,1596311,27658,12798,5755,2858,1837,0,0,0,0,0,0,0,0,0,0,0,0,0,0,0,0,0,0,0,0,0,0,0,0,0,0,0,0,0,0,0
"S03.03.R",0,3298,0,0,3116185,547,0,0,0,824413,5596,18111,0,2503,293572,104916,256153,515,408,0,10033,3673,2348,601528,54978,14258,5793,0,0,24384,262154,3294,166465,3130,239,263689,0,1418,47045,4889,0,0,31603,63989,429208,94049,84943,0,0,1585,0,0,179048,17457,774,0,1072628,0,0,0,313382,1299832,1349,0,4184,0,877,0,0,18721,1774,2115,201817,5525,632978,0,0,0,0,0,91333,0,0,0,408,0,0,0,1330,0,0,0,4919,0,342489,10596,0,0,0,28003,11283,0,0,44971,0,0,0,2371,0,1925,0,0,0,0,0,382850,0,0,0,47998,40500,0,0,8364,220318,1492,0,31483,97464,0,5376,13952,0,0,2902,0,216,0,0,0,0,0,0,4725567,761032,61241,49274,22189,0,0,78942,0,0,0,0,0,0,0,0,0,0,0,0,0,0,0,0,0,0,0,0,0,0,0,0,0,0,0,0,0,0
"S04.01.D",0,170255,289408,0,683450,22587,134657,14953,8657,778540,58415,11359,16383,14363,293369,69714,53996,15270,20259,0,4523,107575,18242,301518,29044,13191,81126,36427,0,119867,235267,4449,242197,678,8014,169372,0,34016,520726,58395,119592,0,29335,8200,5575,28117,26606,9753,2812,17286,15698,2870,636160,35755,59919,34207,22096,0,9901,15136,168667,58368,14469,1684,28581,5594,7407,11821,0,16967,0,43583,1106436,3185,11500,9372,25342,316,8022,35550,3694,0,3066,0,0,94,0,5575,489,77,0,0,3131,0,139846,0,200,0,0,113953,0,0,41134,0,672,59482,22159,13059,2871,0,0,0,0,106972,0,486777,0,0,27483,297480,0,4910,0,258514,275294,0,0,49482,63057,0,0,0,0,0,0,192,118610,0,0,0,11786,0,0,151326,4171014,54,47532,0,0,13691,0,55170,25211,13749,11822,9859,964,0,0,0,0,0,0,0,0,0,0,0,0,0,0,0,0,0,0,0,0,0,0,0,0
"S04.02.D",0,628207,220475,0,1281950,142885,448963,15862,33717,1838830,111707,26134,641929,79390,587650,43323,257943,0,67060,0,2079,127977,140376,1252929,37317,59430,272563,41300,35049,146919,537405,0,684445,4490,8133,481855,0,150549,1048599,2969,178479,19114,166011,28024,33141,81917,89246,80267,31234,177547,0,16648,1673837,121300,0,23290,6496,39315,12158,45845,1595095,83377,8459,4309,17950,31801,91798,0,20863,0,0,6870,2850301,0,113288,19209,5491,1890,2836,296,11243,0,103419,202,0,11028,0,6118,6543,7682,3411,0,365,0,598270,0,206,0,0,320879,0,567,321665,0,0,92503,32261,3076,20326,0,0,0,0,0,0,1531416,0,82522,88456,432426,30130,27487,0,235258,779864,0,0,31861,43891,0,0,0,0,0,0,0,303251,0,0,0,1925,0,0,179102,15263825,2191,234910,0,0,74063,0,40325,176520,64779,60143,91008,1018,102423,98290,58472,1057,408,279,0,0,0,0,0,0,0,0,0,0,0,0,0,0,0,0,0,0
"S04.03.D",0,161640,582922,0,723672,71202,94501,37513,12349,2681604,79775,48143,1878,35257,455457,28718,68124,232,11351,0,0,135238,101375,737067,27549,18757,150080,3095,0,181649,209795,1744,524986,23566,10574,162714,0,66718,318853,1762,67630,0,52738,14008,39618,69602,19427,0,12455,95618,3224,3723,509907,58533,6808,15076,23450,11436,11270,771,344300,90564,4457,9780,1928,330,10622,4298,0,3123,0,28834,1834476,1550,579506,10874,1558,0,3247,2460,3748,0,22054,0,0,360,0,194,10824,1656,0,0,1757,0,308102,0,512,0,0,174611,0,252,89981,0,0,27705,0,1177,0,0,0,0,0,0,0,574260,0,0,37148,300881,23329,0,0,239204,494231,2823,0,50895,63905,0,0,0,0,0,0,0,170926,0,0,0,0,0,0,30395,9477487,3892,125059,0,0,63849,0,0,8770,355,31645,52178,1717,0,47588,0,0,0,5944,8283,0,0,0,0,0,0,0,0,0,0,0,0,0,0,0,0,0
"S04.04.D",0,0,91712,0,473629,209,0,0,363,644846,10232,550,0,0,105456,252,460,0,0,0,0,9200,0,72078,1189,0,0,0,0,6110,0,0,193061,605,1589,289,0,2772,0,376,8490,0,0,389,0,1306,2125,3605,0,0,0,0,153223,0,0,0,79876,0,9482,0,30923,31013,3988,107,597,0,0,0,0,569,0,1338,1114632,0,3230,2050,0,0,2347,0,478,0,0,0,0,0,0,0,0,0,0,0,0,0,121102,0,0,0,0,103574,0,0,244,0,0,14307,0,1567,0,0,0,0,0,0,0,34285,0,0,69,138133,20907,0,0,102497,165171,0,0,46494,126,0,0,0,0,0,0,0,9350,0,0,0,0,0,0,215134,3378623,119,2961,0,0,0,0,0,1029,0,138,0,0,0,0,0,0,0,0,0,0,0,0,0,0,0,0,0,0,0,0,0,0,0,0,0,0
"S04.05.R",0,749333,14172022,0,4941151,5433,2407513,952140,253626,166329,190,1011404,0,1577,418133,152500,146882,1390627,2240,153701,0,1962146,566195,334300,388707,359217,51488,0,2996,2089228,4204,3720,389784,1860,29202,5128,0,638075,43961,1295140,1041640,0,2605,96248,484396,1137687,114297,0,355111,604278,36734,1120,4095,169189,185367,1077,680,19137,9549,0,147268,265008,0,25151,3401493,0,64050,3187,0,531745,33341,993453,0,278576,87749,58111,82653,50172,121617,1335311,0,0,5710,9473,0,0,2915,0,0,3546,19267,0,68618,0,0,0,1512,0,0,522,5563,0,0,221389,0,5030,88488,245,735161,375,16902,0,201,48480,0,1357602,0,413037,0,0,0,0,0,0,1887,0,0,0,1039,0,332,72332,0,0,0,0,0,0,0,848,0,0,0,0,7760,0,337323,0,0,0,0,0,0,0,0,0,0,341179,0,0,0,0,6368,0,951759,193829,957,0,0,0,0,0,0,0,0,0,0,0,0,0,0
"S04.06.R",9645,58470,11712100,0,2230855,0,1527739,0,790492,187425,0,0,351244,14280,29694,541796,65930,240404,2265,0,14564,3587899,0,29921,1633944,12526,3269,4463,430895,5357391,2019553,24074,21944,3545,20621,7430,0,281331,1293,3022596,2136832,26868,11646,67198,89068,90613,457689,0,140823,16989,84907,154,10052,4063,1266357,851879,0,253084,5263,0,40656,12815,1342,61837,4251504,355227,66164,8691,142121,2274650,7454,290287,0,172104,0,13443,333190,37880,171587,769582,0,0,714,20300,0,0,40348,0,0,3564,574069,1717,61498,31245,536,0,4383,0,7940,111,5478,0,0,52487,4106,4777,385887,13991,595089,2942,18269,7411,2068,37776,0,68362,0,492054,0,0,0,233467,0,0,0,0,0,0,121236,309855,652,66158,49,12908,683,0,0,0,0,13936,431,0,0,0,3195,0,255073,0,0,0,0,0,0,0,0,191,0,0,0,0,0,566,289,0,36951,603073,0,0,0,0,0,0,0,0,0,0,0,0,0,0,0
"S04.07.R",0,0,1275773,0,505594,0,232283,0,3472,0,0,0,0,0,1162,5555,30982,219228,0,0,0,3029503,230,19104,1900,494,0,0,0,15536,0,50751,2473,250,16659,0,0,85554,0,2028408,2666055,0,0,85060,15991,0,85236,0,2944,0,75219,0,0,0,220573,0,0,6091,0,0,3983,0,10638,898,9609796,0,27100,417043,0,3171741,0,166498,0,250028,1316,0,158625,1979,180878,375279,0,0,0,1156,0,0,6818,0,0,0,803,0,55975,0,0,8435,620,0,0,0,16364,0,0,401,1482,3088,149112,5501,18006,929,5210,0,0,0,0,0,0,0,0,901,0,0,0,0,0,0,0,0,0,0,0,13773,0,0,519,0,0,0,0,2841,0,0,0,0,0,0,223228,0,0,0,0,0,0,0,0,0,0,0,0,0,0,0,15654,0,0,0,0,0,0,0,0,0,0,0,0,0,0,0,0,0,0
"S04.08.R",0,0,495,0,2884873,0,0,0,45,0,0,0,0,0,0,26549,1033,3137,0,0,0,62561,0,0,42596,672,0,0,0,636,0,1088,0,0,0,0,0,129124,0,1152191,17065,0,0,0,0,0,24381,0,30900,0,539,0,0,440,93685,0,0,0,0,0,0,0,0,0,1256446,0,372,5430,0,55685,0,1782,0,31262,0,0,2145,0,0,20940,0,0,0,500,0,0,0,0,0,0,0,0,14728,0,0,0,0,0,0,0,4487,456,0,1150832,0,0,12797,0,0,333,199,0,0,0,0,0,0,0,0,0,0,0,0,0,0,0,0,0,0,0,369,10931,0,0,0,0,0,0,0,0,0,0,0,0,0,0,3346,0,0,0,0,0,0,0,0,0,0,0,0,0,0,0,108033,0,0,0,0,0,0,0,0,0,0,0,0,0,0,0,0,0,0
"S07.01.D",0,2546230,3853368,929275,5343277,522524,0,729619,62294,1139085,1893215,652613,723460,395236,779157,999886,355140,127047,772478,536036,3722,109792,264890,580443,447789,42463,497605,336209,586329,813539,1592915,47872,430786,39550,19633,444919,52992,52949,29487,407,0,47294,406879,22209,88852,2988,31270,685865,6694,77284,617348,110922,1578980,113948,143772,966104,504284,1087,64528,158055,224778,521491,2335,3069,24999,51889,206511,835,104886,5463,1591,117712,2026501,61175,854470,75790,1687,13860,10695,30478,97190,38618,4193,5109,0,5586,0,19681,273,35587,2062,3186,26670,84643,148651,1103,1028,0,0,448073,3133,14829,85092,0,0,79368,10422,0,10807,2115,1553,1248,1724,336166,0,4335497,477137,339861,157359,141566,247598,78446,0,188806,968391,95375,7224,15520,62011,150193,830,0,0,0,1076,1135,6989,0,0,1494,265715,351049,0,0,3203,10041,64040,0,519,0,53356,0,217120,213312,55466,20431,0,0,389153,293140,632,0,0,129,0,215192,0,81017,20329,0,0,0,0,0,0,0,0,0,0,0,0
"S07.03.R",1163810,1416904,6738824,2574513,6995912,730521,476445,3113558,159328,212731,2256905,3008358,1685008,593211,531570,2629403,1274353,64389,1054799,2477991,7996,289683,608896,351338,506847,45567,321170,140594,1232655,1030289,1868619,136006,124322,89002,58966,1063968,1508500,313401,330163,3518,42841,285124,528865,178267,257132,13120,113094,260900,27207,76652,502875,332809,354578,34617,294982,1207127,105471,4141,397939,481429,99402,544001,26811,89617,70825,322401,295400,17649,182621,30696,5519,90468,108777,404895,226876,140176,2946,37586,45062,20420,116605,37747,124000,41199,762,4368,25514,20486,1371,84135,6003,15355,106050,28065,23293,15451,330,176,15055,12577,49005,8385,323347,57272,0,139861,47913,2668,522547,135441,40906,5541,9704,275412,0,3230368,739785,832496,11038,8158,0,176809,0,2477,301073,0,29384,0,15758,223879,48939,198,476,4830,0,5732,0,0,54055,15538,254003,193139,0,0,1752,19211,123568,0,6838,0,106255,0,88811,37498,0,1026,0,75508,237211,636103,1488,872,5431,0,178495,459279,0,366415,8231,1063,0,0,0,0,0,0,0,0,0,0,0
"S12.01.D",343992,3577180,1934860,1383206,5739067,45036,572552,375289,43269,460869,231966,333254,0,233999,727331,283688,412063,39986,185591,0,17521,43468,36673,312306,533183,45218,284558,41194,57566,566382,1697041,119539,557503,112300,53978,329894,54210,59396,3039699,29336,317550,0,18877,29476,241204,5143,59556,28656,19604,74199,57752,2354,1167624,81873,625,119915,275,102830,6263,3309,426102,520040,0,16883,7129,752,21333,5591,40421,2269,0,12040,1340592,45877,944747,29070,0,18628,29822,5929,133878,3951,61745,685,15036,15606,0,263902,363,19038,1255,693,833,0,67767,1986,0,0,3495,242497,1741,740,0,29907,0,12479,34310,4843,0,0,0,0,266,614739,0,0,576055,35743,0,0,158135,0,0,374748,365476,1788,0,1323,203712,29594,0,2603,0,0,0,0,0,0,0,0,14339,0,123,4177255,745879,20331,152210,0,0,0,0,0,60503,23027,16650,0,0,0,105015,0,0,0,1547,0,0,0,0,0,72069,0,55926,53167,37742,20373,2540,0,0,0,0,0,0
"S12.02.D",0,222096,409568,69631,3229491,6257,201803,49742,25754,428582,9160,57623,0,24671,560416,21082,68090,4821,4493,0,154,162456,5606,60963,25363,10282,32000,1803,4621,35266,218337,17326,577791,20284,19330,4350,31988,35105,91258,70360,45956,0,950,22099,49459,7333,28480,136,2468,2236,32665,943,1071116,12953,78768,4536,104,5712,4274,2284,78561,309483,0,7067,0,0,11633,1070,0,45579,0,35807,3987178,3381,3058133,4550,0,1587,42561,83838,73134,0,12107,0,105686,16650,0,36957,0,623,0,1449,4608,0,213935,15670,0,0,0,364525,0,545,0,1580,0,33530,0,7899,0,0,0,0,0,0,0,0,13211,0,0,0,132998,0,0,163923,201626,51,0,0,0,697,0,0,0,0,0,0,0,0,0,0,11186,0,0,1220503,3257591,15148,85726,0,0,0,0,0,3439,1921,0,0,0,0,0,0,0,0,48889,0,0,0,0,0,57655,0,0,0,71986,28439,19442,57798,0,0,0,0,0
"S12.03.R",10702594,18774,2800416,2952812,2210639,65277,242229,2046414,275048,100,0,1725477,208234,18679,12898,3505184,1569782,902687,29875,0,32571,549847,247047,1436,55997,93811,28232,0,11373,136348,218034,1104696,177,11728,115333,18679,4790898,186498,259229,46367,982068,5137,6053,38996,209493,48992,343925,6272,29018,15026,57451,8311,0,27168,178246,11669,0,6396,22959,8731,0,0,286575,153573,1453131,3411,429123,93397,39114,152686,11373,7696,0,239031,644,408162,181616,58024,35881,41556,3689,71992,1984955,96287,1824756,0,8754,23615,0,7750,32949,3789,286001,124,1413,176201,13265,11450,759523,0,493301,31134,0,42478,4593,590700,267883,128308,35325,16262,281237,137246,13217,0,58834,0,7543,165549,0,0,0,8660,3109,0,0,1300,0,0,0,8849,42165,85695,46846,60117,0,3499,0,0,0,76798,703,0,0,0,0,10646,172039,0,1886,0,119211,111083,0,0,130,0,0,0,0,0,71,899,555162,0,539172,0,5296,0,0,2678,0,0,0,20470,0,0,5208,4215,1501,0,0
"S12.04.R",821644,7306,2864413,716908,3405869,367788,607486,2621544,307163,63009,0,2251548,25631,470610,167872,996759,277804,452262,129890,0,3485,242613,421563,225132,330129,202913,870,0,248759,687783,241449,140134,35925,114867,565202,80156,292530,184556,145737,26628,208322,3635,7656,595748,214581,119799,213531,0,80693,13416,71259,84335,2394,46959,29019,17120,0,35471,125788,0,29592,704,38339,163597,76608,0,194883,29719,2604,69599,3615,76882,6993,27925,543653,29115,11338,25874,106550,50161,0,12975,333664,25234,329245,0,4662,27705,0,3812,6566,3188,46336,0,4962,30362,427,0,34447,403,45695,5866,0,0,474,1143350,102455,26861,15810,3138,11101,13802,2614,264822,86202,4242,0,115384,0,0,0,0,0,0,0,0,0,1534,0,2688,7243,209536,1451,3935,2218,410,0,0,0,4255,0,0,0,0,0,125058,422830,0,0,0,622299,55793,0,0,0,1817,0,0,0,0,1424,2358,64323,0,375844,0,504,0,0,0,0,31290,0,13592,0,0,0,0,0,0,0
"S13.01.D",0,186,1592010,40058,2572410,190,177364,491,33526,1181532,330260,783,1869279,181,145549,1004573,56592,251183,632685,0,91002,104626,0,56411,64360,0,84793,2058,0,42667,20956,80899,21858,0,0,139624,0,452,250937,0,0,0,5040,2525,4698,0,12224,495,0,0,4574,4225,740561,0,213143,44603,235003,0,6411,1104,1027,262839,15495,0,0,26088,0,0,2810,11672,158,13853,566142,25846,0,166768,0,6046,0,0,169078,33399,0,0,0,1192,0,1325,0,0,0,0,226134,3796,79891,0,0,0,0,16814,57,272,0,173057,0,0,177181,0,0,0,82,0,0,0,0,25174,0,0,151177,101592,43449,0,48469,8071,0,1782,0,0,14208,0,0,0,1074,647,0,0,0,0,0,0,0,0,0,0,891878,0,715,0,0,0,0,0,0,0,0,0,0,0,0,0,0,0,0,1869,0,0,0,0,17470,0,0,0,0,15208,0,0,0,0,0,0,0
"S13.02.D",0,8813,430838,395335,7609668,150800,55333,1557225,19504,2918389,3070900,1390689,0,36943,615363,389134,387987,3012,80690,0,10990,19411,0,138662,67266,2616,212703,0,0,11932,819878,50643,549716,23566,67065,113068,0,139949,943993,0,0,0,8808,22624,364272,0,89218,82732,196,5726,9186,3101,1778205,26690,8491,951,1604044,0,1194,41741,4653,542125,1949,0,0,0,1399,0,0,0,0,2537,4086956,2648,235835,70017,0,1478,0,0,464270,10025,0,0,0,39494,0,546979,35293,0,0,0,14613,0,267416,0,0,0,0,372436,0,0,0,2947,0,37671,2080,0,0,0,0,0,0,0,0,3971268,0,0,469754,217114,317280,0,0,207546,0,10230,0,12683,653062,0,0,0,0,0,0,0,163902,0,0,0,0,0,210,0,3806573,9582,60523,0,0,12935,160773,0,22186,24344,10543,50050,392,0,0,1110,1679,201,0,12291,0,0,0,0,128633,0,0,0,0,18045,0,0,0,0,0,0,0
"S13.03.R",4278,0,9771009,258248,6672938,20870,107894,308552,38265,1338,932387,260493,593233,881,89980,1640753,533953,323335,512425,0,315065,76463,0,11977,400363,96653,37057,0,228,374531,1787207,436440,876,0,0,1692250,453431,4075,3661263,0,0,0,612049,97467,84308,1473,66912,389,101040,5309,3925,28486,88,5086,5564806,143473,4781,0,1390,112172,47,393570,557535,0,77111,11329,404,0,10246,61307,11915,3640,4781,121458,0,482233,0,5066,285,247582,255199,1955,0,7746,0,4573,0,467,0,13771,0,731,316309,15451,8130,47909,835,0,4801,0,24691,0,0,675804,0,41,94040,0,0,57,87128,0,4791,0,0,0,0,0,0,0,0,0,218349,0,0,985,0,0,10220,12522,0,0,10764,28891,0,3318,0,0,0,4646,0,0,0,0,12905,0,0,0,1747,0,568853,0,11967,0,0,0,0,0,0,0,0,0,353,0,0,0,0,0,8991,0,0,0,0,18464,0,0,0,0,24727,0,0
"S13.04.R",0,0,8076565,653464,10616532,1057016,121005,34659,112038,206988,832622,30610,399397,34629,704138,929710,256227,394638,2128422,0,9541,16280,9095,163151,496190,650570,140473,0,0,2651166,2441473,86406,119630,0,0,7275634,133236,134716,14663774,0,0,0,3501367,3868,323355,35656,20759,18629,348806,29590,39539,99422,1851,159933,159880,636973,114267,0,12850,967799,5968,2128347,68533,0,8332,326951,2720,0,52850,1058,7154,22232,7577,534400,0,925986,0,2659,0,1194,243551,227,0,604,0,6738,0,1760,816,85122,0,0,589584,5945,12593,793,1027,0,0,1579,18334,287,0,546910,0,0,26795,0,0,3906,18304,0,3974,0,0,831,0,0,0,0,0,3014,988498,0,0,3898,0,0,11135,370,0,0,6368,12193,3173,5628,0,0,0,60,0,28835,0,0,408,0,2312,0,2901,0,212125,0,0,0,0,15433,0,0,0,0,0,0,5500,340,0,0,0,0,71471,0,0,0,0,19989,0,0,3551,0,39252,0,0
"S14.01.D",283302,7111,7324583,0,224098,857,1737181,0,9760,4003,3146,0,125852,429,6371,79359,0,61601,16141,0,108903,8874730,0,1247,41408,1753,49,0,127,265974,0,102474,1987,280185,0,906,3380460,317853,9916,19386729,5265029,6322,0,5598458,1792,0,2025860,68,847,0,1313630,4325,35554,3682,7754660,8280,0,2786,5143,623,1929,2698,0,0,859902,2094,26329,1026168,12079,23212,0,1724,11679,249336,3809,265788,144661,46824,4160136,824357,0,21751,0,41233,0,0,39830,0,0,205,41009,0,20748,0,1188,23514,1451,0,173046,1568,27050,0,0,0,0,0,1696980,1597,8679,341,1710676,37405,33771,114552,0,0,3546,166870,0,0,0,13686,0,438,1042,0,0,0,0,1597,0,0,10598,23573,0,11738,0,0,0,65906,0,16300442,0,10257,7198,0,0,0,0,0,0,0,0,0,0,0,0,0,0,0,0,0,0,0,0,0,0,0,0,68,0,0,0,3731,0,0,0,2581,0,0,0
"S14.02.D",118968,0,17558035,0,555844,228,3850178,0,157944,0,1650,0,35231,97664,120627,148890,0,78967,8267,0,20593,5220585,0,0,198599,2010,0,0,15255,2628671,0,116095,90933,222690,0,0,11086106,1996951,1953,3983974,12315511,768,0,6439257,23513,0,5050694,76,24167,11738,520233,2787,0,18962,4814351,436838,0,126031,6039,0,0,0,0,0,225990,1043,8561,166913,2522,80778,0,29221,0,129255,60015,490577,108596,30188,6183800,122779,0,42598,0,13207,0,0,27201,0,0,0,8334,0,18535,0,0,20365,446,0,48154,10277,17862,0,0,0,0,0,334140,1593,901,0,637997,13909,27789,280288,0,0,50287,381308,0,0,0,8002,0,0,0,0,0,0,50856,0,0,0,1839,5869,0,5480,0,0,0,14098,0,228521,0,0,0,0,0,0,0,0,0,0,0,0,0,0,0,0,0,0,0,0,0,0,0,0,0,0,0,66,0,0,0,26424,0,0,0,844,0,0,0
"S14.03.R",384362,21401,110610,0,42286,0,0,0,0,8474,616,0,13216,0,7514,31654,0,0,0,0,24384,284051,0,1575,0,0,572,0,0,1660,0,52956,5764,2543,0,536,54806,6155,16710,546474,96189,0,0,149942,1871,0,26159,0,0,0,20974,0,100526,0,1027506,0,0,0,0,0,4548,6962,0,0,2876865,0,20052,28775,0,0,0,0,30263,99400,9646,4292,7733,0,57579,9975,0,0,1138,325343,0,0,136078,0,0,0,291,0,1617,0,0,0,0,2034,170378,4452,92598,0,0,0,0,0,28845,0,0,0,4922310,3097,12360,0,0,0,1366,0,0,0,0,0,0,1307,4621,0,0,0,523,0,0,0,10389,109538,0,5414,0,0,0,115297,0,267377,0,27630,19363,0,0,0,0,0,0,0,0,0,0,0,0,0,0,0,0,0,0,0,0,0,0,0,0,0,0,0,0,1372,0,0,0,13231,0,0,0
"S14.04.R",47258,0,27410,0,31046,0,195942,0,3447,0,0,608,352,0,0,291674,0,8412,2225,0,128235,4090923,0,0,0,0,0,0,0,10022,0,148872,0,6699,0,0,0,3710,0,5178709,80390,0,0,168777,0,0,7946,0,0,0,105302,284,0,0,4106531,1539,0,3444,235,0,0,0,3763,0,15881525,0,5537,473429,0,1556421,0,139,0,51701,0,163,9208,21341,21287,0,0,0,0,81126,0,0,31256,7825,0,0,0,0,24489,0,0,281,0,2015,31060,0,276513,0,0,0,0,0,12083,1741,0,89,283838,0,9954,0,0,0,0,0,0,0,0,0,0,0,0,0,0,0,0,0,0,0,2374,29134,0,2431,0,0,0,33676,0,0,0,0,0,0,0,0,0,0,0,0,0,0,0,0,0,0,0,0,0,0,0,0,0,0,0,0,0,0,0,0,0,53246,0,0,0,16031,0,0,0
"S17.01.D",6361,2351384,221889,0,3961202,12626,48661,32783,29706,0,96895,37698,300618,161501,395620,1465595,707863,87298,74240,0,263255,77420,79502,43883,251923,7467,468132,278344,14807,199393,1208634,188956,110930,58092,17115,1261104,32145,284816,2386510,2176,0,0,145572,76623,323174,19194,20865,43037,11207,22993,45871,128050,0,281679,467,32931,0,46668,7684,343621,6050,83290,7853,122400,35439,44811,47808,23256,94778,91867,496,36687,273993,37460,504484,808,18663,7856,5017,0,208748,3702,408957,1929,11464,6329,0,522205,0,13624,1341,41632,749,98170,365,8526,295,0,0,5878,1301,0,8416,59449,0,23119,4921,923,12961,869,0,0,0,51969,109921,0,376,0,0,5559,46343,37910,0,0,0,0,0,0,28257,14998,72,0,0,0,188,268484,0,2018,0,0,2608,0,0,0,666892,100896,17525,0,0,0,0,0,0,0,15341,0,0,145674,0,1240,2672,0,1637,1341,0,0,0,0,0,0,0,0,0,15588,0,0,0,0,0,0,0
"S17.02.D",25235,1364894,206855,0,1587448,4296,81758,105110,40946,0,57251,124472,171063,79331,187884,369432,695042,11732,19119,0,69889,49822,54333,52801,76686,3126,392706,103731,3517,119890,517972,67966,59655,36830,6025,653701,57948,137448,2987805,2195,317,0,41217,5777,379888,953,22239,38824,24859,2261,15722,66651,0,166917,4954,12010,0,18944,2013,260078,6486,46878,12273,47186,35389,20147,33877,16514,47241,44978,261,6925,157853,13296,19940,4630,3578,5376,584,0,88122,0,143741,2102,876,3976,0,291484,0,1617,0,22590,7749,76820,0,9346,0,0,0,0,1234,0,12686,6623,0,32765,0,330,6152,2916,0,0,0,0,107888,0,0,0,0,11447,0,1941,0,0,0,0,0,0,992,5453,2135,0,0,0,1834,198583,0,2968,0,0,0,0,0,0,937093,2347,56104,0,0,0,0,0,0,0,674,0,0,153963,0,0,4952,0,647,0,0,0,0,0,0,0,0,0,0,24548,0,0,0,0,0,15281,0
"S17.03.R",598639,4421936,2161290,0,10850977,21519,2135404,4717323,450331,0,0,4277164,354116,329799,376149,641565,2755753,134564,53232,0,548303,564248,1022945,1121247,75349,5708,0,0,68748,1065027,0,164485,225471,8071,313623,1404971,514692,2793027,4947603,45049,11501,0,0,142016,1578588,544830,298487,0,20760,808,342741,431455,0,191516,3712,0,0,104004,72298,444398,170573,1894108,21723,299183,39109,0,271266,56375,0,442204,1455,37393,0,53394,6278,13301,3599,5195,59756,0,1043592,6468,176042,25224,21688,0,0,46251,0,84,0,0,5962,0,0,110226,0,0,569,0,12008,0,1245723,0,0,1295856,3367,3396,0,3670,0,0,0,53169,659788,0,0,0,0,0,0,0,0,0,0,0,0,0,0,0,9139,485,0,0,3726,234828,0,0,0,380,0,353132,0,0,0,0,791392,0,0,0,0,0,0,0,0,0,0,1471279,0,0,23045,0,0,0,0,0,0,476019,0,0,0,0,0,1279,0,0,0,0,0,0,0
"S17.04.R",24777,0,5592159,0,667724,4668,38599,572557,38025,0,0,614190,1097,0,10200,245899,56924,675428,12932,0,116584,24756,7597,0,69632,0,0,0,0,167859,0,17853,725,8944,161313,0,35267,90685,0,15978,250,0,0,48177,17912,12291,53269,0,4605,0,540618,86736,0,0,774,7666,0,0,9329,0,0,0,7421,111489,6003,0,3392,41626,0,62751,0,125077,5042,98212,0,1059,201,0,40834,0,3029,0,2713,0,0,0,0,0,0,0,0,0,12378,0,0,25894,435,0,0,0,2069,0,0,0,0,49089,0,6015,0,513,0,0,0,400352,165780,0,0,0,0,0,0,0,0,0,0,0,0,0,0,0,589,0,0,0,554,0,0,0,0,0,0,255663,0,0,0,98,0,0,0,0,0,0,0,0,0,0,0,0,0,0,0,0,0,0,0,0,0,238677,0,0,0,0,0,5115,0,0,0,0,0,22875,0
"S20.01.D",0,66253,684198,0,6849970,74386,0,309,4300,4003980,94817,18343,0,122392,1618720,108552,0,0,125806,0,9328,92166,0,1140610,447001,11093,0,17119,30193,218487,846676,35110,877694,93313,0,1959677,0,5775,574,9984,0,0,173474,32946,81357,858,18295,0,24326,12780,148411,3688,2746709,188072,836229,149606,339573,0,12520,0,326966,245614,4840,92,101,0,0,5303,1837,141849,1065,15408,5958869,17427,1775307,612,0,3220,11266,0,11025,0,0,0,0,5906,0,41045,0,5756,0,0,27334,52302,516412,0,0,0,0,837975,410,7361,119215,115932,0,0,58588,4348,0,0,0,0,718,0,0,3197461,236748,0,76541,1317811,189171,0,874531,1077823,1883902,0,0,74473,30936,1938,0,0,2237,13874,0,545,0,0,0,0,0,819009,8369,315295,0,656,105915,0,0,0,181940,0,80861,82254,34643,85161,0,0,0,1538,11045,61659,0,0,0,0,0,0,0,0,0,0,0,26780,0,0,0,0,0,87301,1027324
"S20.02.D",0,35478,247152,0,1455598,9453,688665,0,2642,1236491,0,0,0,0,98157,5329,112876,2374,3240,0,41102,2739425,11568,208144,41221,2196,30268,0,0,686,51835,150369,95354,22688,173724,0,0,30251,0,538027,1026859,0,0,246915,42593,24200,446241,0,28725,0,39782,1370,1639546,0,816980,0,123041,0,5213,0,67894,196834,436869,21914,454192,0,15578,70150,0,3650196,1925,9327,941799,8112,270262,5871,8769,0,333682,1232,7509,0,947,0,105561,0,0,805,0,0,0,0,6353,0,209758,85347,0,0,0,82798,0,0,0,39414,5617,36259,0,137901,0,0,226,0,0,0,0,171350,0,0,0,22030,0,0,0,52101,230233,0,0,6481,0,0,0,157624,0,0,0,0,0,0,0,0,0,0,27369,355132,0,89860,105937,0,0,0,26154,0,0,0,339,2889,0,0,0,0,1507,6322,1230476,0,0,0,876,0,0,0,0,0,0,20950,0,0,0,0,0,21911,0
"S20.03.R",0,0,37979,0,168880,748,0,0,499,3544,0,0,784973,0,10350,22203483,0,304279,40007,0,433114,53703,0,0,157129,998,0,0,93601,21974,0,74832,5162,640,0,723,0,2783,0,47434,0,0,43135,0,0,0,876,0,17713,0,387471,825,0,2987,5207555,12039,1062,67699,7574,0,0,621,4267,0,184188,774,1158,10670,979,818903,0,24225,34704,553409,16338,1490,2514,638725,0,0,45,0,0,2795,0,3032,0,108678,0,13171,4081,0,514675,0,844,5182,217,0,0,21999,4644,7836,0,5761846,0,0,160583,2898,0,0,1292,2642,15877,0,0,0,0,0,0,14572,56895,0,9847154,10146,0,0,0,177631,0,0,0,0,6506,20336,0,24660,0,0,0,1586,0,103023,2233,0,0,0,0,0,20023,0,0,0,0,0,7855,0,0,0,0,0,0,0,6256,0,0,0,0,0,0,0,0,0,0,13382,0,0,0,0,116150,322292,2023383
"S20.04.R",0,0,144840,0,3715851,353,4474811,0,5844,3159,0,0,0,0,0,39851,281219,137044,684,0,39677,10967114,0,0,70137,2547,0,0,0,0,0,207159,0,0,50082,0,0,39815,0,2211415,955231,0,0,94017,3293,111601,911837,0,0,0,223819,165,6286,0,4082710,0,0,402,21208,0,0,2815,539729,63,1452603,0,17196,410503,0,5292613,10713,20413,255,170167,0,2917,55090,0,932241,1693452,75936,0,3020,617,199595,0,0,0,0,0,0,0,47942,0,1926,83129,1296,0,0,0,165,0,0,382473,12018,684,79046,245170,415,0,0,0,0,0,0,0,0,0,0,2140,0,0,0,0,0,0,0,0,0,0,0,274790,0,0,0,0,0,0,0,63,0,0,219584,5763,0,0,702207,0,0,0,0,93561,0,0,0,0,0,0,0,0,0,0,976229,0,0,0,0,0,0,0,0,0,0,12956,0,0,0,0,0,0,0
"S21.01.D",16661,1187313,109263,0,1815629,0,0,479,1424,703077,233137,1845,1875,28084,601475,5923,0,10294,0,0,11425,232398,4819,200898,71657,2507,120356,24556,0,6262,141966,569,510702,18759,2345,69761,42304,6174,913312,314235,80919,0,14732,259996,166797,32015,79460,8955,5428,3769,21287,0,5470007,26659,135355,0,225,0,0,114,426456,466480,4355,0,48483,0,1283,12515,0,263,0,11723,1737840,7512,733840,7849,416,0,62416,20042,41589,0,0,1606,12357,2010,2073,5581,1578,0,0,0,2249,253,325556,0,2124,0,2665,446520,909,0,0,4371,0,0,23211,3771,0,0,49601,0,0,0,0,0,137958,0,0,0,180808,0,0,322377,342158,3160,4691,0,126142,0,0,0,0,0,0,0,0,0,0,1847,0,256218,0,1667933,1290434,9260,45214,0,0,0,0,0,24410,13170,17432,0,0,0,0,0,0,0,0,2382,0,0,0,0,44477,0,0,0,0,0,0,0,0,0,0,0,0
"S21.02.D",46530,3687283,6634421,3260702,3911724,35063,977557,1876680,25078,190680,154427,2107453,299,898587,1221976,329158,398992,697205,745,0,5372,832580,61296,322039,544358,96554,88935,6826,90,422003,1207468,134220,901864,30373,333639,22232,905128,116684,645860,39029,1743532,0,0,1160958,711985,7494,931549,0,93708,15517,607798,0,3058012,18885,163709,7578,0,14334,11300,1440,64615,519587,0,20151,4279,188,6624,131047,0,53739,50824,502657,2778941,79096,8848023,51012,0,13172,549341,185739,104542,7585,124993,2220,536976,7104,0,0,0,1413,0,0,26219,633,413033,24855,0,0,1426,877489,3333,0,0,200553,0,539042,316466,9157,0,1058,0,0,0,290177,0,0,0,0,0,0,149465,0,0,291555,174286,0,0,244,0,0,0,0,0,0,0,0,0,0,0,0,401949,0,0,2449205,362432,26268,361249,0,0,0,0,0,38862,0,244,0,0,0,0,0,0,0,672107,0,0,0,0,0,171085,0,0,44060,704345,16463,0,0,0,0,0,0,0
"S21.03.R",0,3284111,8035099,397740,2559873,120543,1377893,2375550,68804,11869,199561,2364381,0,529434,1013737,1193629,378558,2155460,650327,0,74919,466852,25268,338847,1303953,271645,44847,34776,1094878,1758183,3418309,287215,155544,128806,48987,444509,839770,97091,3068494,31911,2019051,0,7438,277570,207479,36140,409532,0,139862,350147,113449,60144,44752,316255,445060,202283,0,640802,73893,3393,1312245,1006269,0,8090,4300,42178,1281,0,389875,183784,6507,79902,25576,90133,6916,40280,0,26341,43139,69984,45494,4431,28269,2479,270144,5107,0,937,0,87150,0,24319,67944,0,0,55761,0,0,0,30297,0,67950,0,16655,0,41371,643963,16590,801,0,148,0,0,0,0,0,0,245618,0,765,0,0,0,0,1050,0,0,1892,1797,255132,0,2029,0,0,0,0,0,0,304238,0,0,0,546,1584,0,143450,42451,0,0,0,270892,0,14864,0,0,0,0,0,731208,0,1857,0,753,0,0,0,0,0,26199,0,0,246176,188968,0,78543,122702,0,0,0,126059,0
"S21.04.R",0,2754765,10733956,1072126,3967806,104602,97796,6678977,30371,242758,16946,5944863,0,371350,802785,184847,600712,556405,256888,0,5185,532581,157918,589779,588324,119993,3644,19906,4631,1383778,2654996,338120,615224,30371,73576,1736251,145142,654273,5703387,21152,869879,0,209,874272,668036,883469,504759,0,247518,46928,1408848,37141,387324,96795,705515,41347,0,246215,24148,1145,349175,2219160,0,51465,2089,0,1764,151,1196,740315,51674,1696078,197162,305566,20677,8073,0,15376,73518,408742,91833,0,50767,6179,70637,2269,0,119877,0,2218,0,0,260252,0,0,8938,0,0,0,153050,6467,1930,0,206056,144,38574,756023,6165,0,475,2067,0,0,152726,0,0,0,0,0,0,81692,0,0,0,0,0,0,0,0,0,353,0,0,0,0,0,0,0,128188,0,0,0,0,0,0,12582,368714,0,14843,0,270990,0,266020,108858,0,0,0,0,121995,0,11653,0,53273,0,0,0,0,0,370601,0,699494,107987,257760,1412,3500,246352,0,0,0,0,0
"S27.01.D",114666,1474845,1597832,0,1033986,4827,0,187413,13650,594655,657383,173742,8728,38509,316483,252567,19618,30440,33852,0,0,42034,2039,230284,225164,12137,37205,215212,42752,259484,74128,23346,233253,709,2993,569366,92925,26897,1054551,1145,63603,0,51977,40764,22936,56625,18533,0,19281,7356,465273,2424,2347267,13261,18238,83957,93,5257,2177,48006,124433,673283,12296,4924,5676,26744,8706,1444,42665,7632,2168,21168,1283300,149839,480870,43629,0,1230,5179,3278,75093,929,7576,0,3612,2750,0,845,0,123,0,0,5718,8612,0,0,1772,0,1996,41247,0,568,0,46696,0,464,22791,0,12641,588,1956,0,0,0,0,0,96539,0,0,135338,129901,0,0,167421,0,176,12821,1437,143520,495,682,1052,0,0,0,0,36909,0,0,0,53427,0,0,0,18054,1662,9542,103804,0,9523,0,0,691,6038,11299,0,0,0,0,2972,105,0,0,1154,0,0,0,0,773,0,82820,0,0,960,0,117884,0,0,0,0,222722
"S27.02.D",283967,4256345,1075894,398905,1199320,62901,76261,293904,52956,138553,362190,311148,6093,582687,547690,140869,83881,18804,118155,0,373,25429,63878,373657,183808,45321,577380,656484,537779,489489,662961,18033,208267,0,85836,766820,441851,151883,5698184,17019,69776,0,167704,65977,147369,26871,23083,34200,33584,63591,614383,17746,1549249,141500,10612,48117,376,18742,11737,545031,142957,401333,26196,23367,32710,0,14821,21703,63650,6964,0,41740,597442,63561,267468,24938,0,8698,5544,27373,110727,800,187773,2741,0,31349,0,96511,24156,56888,23946,32651,10815,348136,0,0,0,12641,5780,38527,4928,0,207946,28232,0,105304,826,0,20147,10962,0,0,0,0,0,0,120542,0,108333,78024,190632,225,0,155155,302,34436,0,0,258446,88931,10037,0,0,0,6529,211509,156948,20962,0,0,1537332,0,0,40489,1170550,30899,23120,93826,0,0,0,0,232342,344049,945788,0,0,0,326164,230781,1298,0,0,118469,0,0,0,0,0,0,176936,0,0,54627,0,0,0,0,0,0,463887
"S27.03.R",518570,2003182,5004543,0,1022538,52753,265862,1606997,21762,432324,143048,1414228,3380,74262,274947,182911,75613,39753,10912,212981,5151,98955,69337,97630,127230,56149,134877,158288,275670,348830,21302,43426,374705,1064,180028,2036183,795357,119943,1840093,86334,623226,0,2609,97130,14415,237332,144907,0,34640,5240,864691,2808,492479,22887,305463,115068,0,0,36521,107171,9493,119671,18024,31424,18419,0,28713,44748,7588,10334,0,28232,356515,85853,284142,136145,0,3007,92624,150829,1115,9982,42787,10304,20276,4081,519,0,0,1980,0,0,12169,0,0,1945,2459,2343,1980,4141,0,0,0,32058,0,27289,1908,0,39794,0,0,0,1661,0,0,0,0,0,0,6164,56189,0,0,87697,0,0,304,0,0,0,226,20574,0,0,0,0,0,0,0,0,5441,0,0,0,0,0,28791,205807,0,2657,0,0,15592,0,8480,0,0,0,0,0,3410,0,234,0,61077,0,0,0,0,0,0,0,0,35847,0,55743,1932,0,0,0,0
"S27.04.R",8415038,462667,12930309,0,3162414,518440,1052137,4349688,143979,551659,18202,4144226,0,351757,451944,431951,359407,86594,808623,1004262,3844,220652,546796,159835,130558,58456,22548,19535,192641,1641840,1518708,116470,414559,11637,425402,765761,2150187,1492609,1223557,96171,1521623,0,0,628406,592475,942658,450393,0,184376,116860,1710330,461048,0,162630,0,772513,0,4406,118756,0,22128,148932,18749,225013,78022,0,77010,161408,26692,110798,0,159745,97,130056,275443,263297,1439,17872,271584,94530,34814,1701,1315846,77010,1948,0,0,0,989,15916,97,1911,31555,0,0,9022,6294,45687,17797,1446,11457,0,180165,56530,0,205560,1686,4991,64279,1993,0,0,0,0,399932,0,0,0,0,0,0,0,0,4436,0,0,0,0,0,4826,18921,0,0,0,0,0,914,0,0,0,16538,0,0,0,0,105920,232311,0,0,0,0,3510462,0,0,1993,0,0,365357,164121,0,16733,0,25185,0,622854,0,1709,723093,0,0,0,0,0,91824,0,199033,14792,25118,0,0,0
"S31.01.D",0,755288,1464054,0,1973958,279847,0,5956,24324,9293999,949733,11246,23488,87959,1702093,229290,0,119806,137985,0,2551,12560,0,1188832,138139,30851,223317,56689,137897,111711,35770,1791,1749327,8560,58981,260283,0,7234,3894,0,0,0,102957,331028,80990,24094,6598,27670,7081,18580,386092,16978,2546512,22987,308672,68654,73691,0,78380,1602,508943,0,0,295,3140,1337,9997,0,10957,21278,7458,75841,3844486,35517,308678,2392,0,401,5903,26085,10021,13202,0,0,0,18239,0,0,0,9296,0,0,6345,3264,856825,0,0,0,0,730928,7234,0,54362,22097,0,6993,10757,0,0,0,0,0,0,0,0,1045350,29703,0,16242,0,273178,0,4212,375782,1549951,18692,9903,70133,61290,0,0,41514,318,0,0,0,1031105,0,0,0,124566,0,0,823930,19026833,85066,4677,0,0,24336,0,0,54056,152772,90439,3770,0,0,0,0,0,0,37543,297626,0,0,0,0,30557,0,0,0,0,69826,0,0,0,0,0,0,0
"S31.02.D",0,1024222,356386,0,1303959,33329,0,37089,4756,3760171,1700086,32728,2697,88749,1435965,49219,1294,24204,76889,0,1042,748,26565,827335,74523,25914,100727,108714,45778,95211,136371,0,1614232,6226,2050,348471,0,7457,125023,0,0,12755,141358,22624,41896,1118,882,143429,19154,38556,68036,12604,2590978,16297,37509,14243,78565,0,7932,25317,701740,0,0,0,0,273,2109,0,5953,4680,3088,77884,3411087,92795,331170,10302,0,0,2802,882,18456,3865,0,0,0,25426,0,5155,5546,19423,0,0,11415,36182,596950,0,0,0,0,1523626,0,601,27485,2651,0,8054,517,0,0,0,0,0,0,0,0,600274,3441,0,12768,0,436481,0,26338,874553,837918,51450,0,76258,22469,0,0,0,0,0,0,0,777889,0,0,0,8365,0,0,661382,12477977,0,193,0,0,205794,0,0,93383,107987,349740,7546,0,0,0,6890,101,790,77884,113163,0,0,0,0,69641,0,0,0,0,844,0,0,0,0,0,0,0
"S31.03.R",0,523917,15629540,3137286,1347947,380656,126539,2660624,67555,63566,124363,2592853,6454,659269,3776512,505956,67481,577485,316841,1177608,34043,158757,89565,547377,1517470,259075,202778,270138,504689,1636080,2185383,70108,908683,62866,464629,295739,1423903,84068,1760430,0,440092,0,1040235,371264,141719,7809,310305,17450,241680,743532,803528,42452,270616,110754,2037096,322675,4615,0,58331,40835,598937,0,0,0,27441,9156,29853,42768,7755,329641,44170,218530,72426,932553,277785,42344,910,8395,154277,187707,19680,95070,0,2345,0,7236,0,0,0,28862,0,0,103148,9648,10160,0,0,0,0,193993,9971,431,367390,6838,0,1054026,301560,0,0,0,34293,0,1913,0,112256,13165,0,0,0,0,37122,0,6609,11514,13124,9412,4649,12450,458,0,0,22132,67,9816,0,2338,42593,0,0,0,23210,0,63465,47046,213127,0,202650,0,0,20865,115167,0,27993,38760,56351,8792,0,0,431772,0,0,0,92685,566,0,0,0,0,35606,0,0,0,0,2830,0,0,0,0,0,0,0
"S31.04.R",0,4160487,4600072,577652,3609174,166635,0,435553,9921,76068,4963996,459745,9590,542772,1557351,1173405,137473,200686,211504,0,3776,15762,157059,424383,821059,178538,576795,583554,1743255,2175502,2547559,1567,459324,6490,17295,3924736,37537,3611,10968585,0,2340,12027,1366407,251810,141159,23971,33201,1615138,118397,65422,362654,23736,500699,51062,30799,172145,108400,0,19518,597093,231415,0,0,476,1981,180443,6876,6172,103878,7560,11751,123927,72430,3594855,83898,6082,0,3058,33208,1643,29487,13711,0,0,0,53824,0,7546,0,130548,0,7802,230711,990587,42045,0,0,0,0,125398,4246,0,457397,318,0,45601,23280,0,0,0,186,0,2271,160967,0,15955,0,0,2679,0,0,0,481990,13905,18047,77808,0,0,11854,0,0,10888,863,380,0,1940,75861,0,0,0,200237,0,1388,2860904,267903,27292,25842,0,0,2285,75813,0,217835,72672,16797,0,0,0,227653,0,0,0,20180,1816,0,0,0,0,264686,0,0,245148,0,2161,0,0,0,0,0,0,343157
