"","Sample1","Sample2","Sample3","Sample4","Sample5","Sample6","Sample7","Sample8","Sample9","Sample10","Sample11","Sample12","Sample13","Sample14","Sample15","Sample16","Sample17","Sample18","Sample19","Sample20","Sample21","Sample22","Sample23","Sample24","Sample25","Sample26","Sample27","Sample28","Sample29","Sample30","Sample31","Sample32","Sample33","Sample34","Sample35","Sample36","Sample37","Sample38","Sample39","Sample40","Sample41","Sample42","Sample43","Sample44","Sample45","Sample46","Sample47","Sample48","Sample49","Sample50","Sample51","Sample52","Sample53","Sample54","Sample55","Sample56","Sample57","Sample58","Sample59","Sample60","Sample61","Sample62","Sample63","Sample64","Sample65","Sample66","Sample67","Sample68","Sample69","Sample70","Sample71","Sample72","Sample73","Sample74","Sample75","Sample76","Sample77","Sample78","Sample79","Sample80","Sample81","Sample82","Sample83","Sample84","Sample85","Sample86","Sample87","Sample88","Sample89","Sample90","Sample91","Sample92","Sample93","Sample94","Sample95","Sample96","Sample97","Sample98","Sample99","Sample100"
"Feature1",0,0,0,0,0,0,0,0,70,0,0,0,0,0,0,0,0,0,0,0,36,0,0,0,0,0,0,0,0,0,0,82,0,0,31,0,0,0,0,0,0,0,0,0,111,0,0,57,0,0,0,0,0,0,0,0,0,0,0,0,44,0,0,0,0,0,0,0,0,0,0,0,0,0,0,0,0,0,0,0,0,0,0,0,0,35,0,0,0,0,0,0,0,0,0,0,0,0,0,0
"Feature2",0,0,0,0,0,0,0,0,0,0,0,0,0,0,0,0,0,0,0,0,0,0,0,0,0,0,0,0,0,0,0,0,0,0,0,0,0,0,0,0,0,0,0,0,0,0,0,0,0,0,0,0,0,0,0,0,0,0,0,0,0,0,0,0,101,0,0,0,0,0,0,0,0,0,0,0,0,0,0,0,0,0,35,0,0,0,0,0,0,0,0,0,0,0,0,0,0,0,0,56
"Feature3_TP",86,157,63,0,91,0,0,0,118,38,132,140,141,119,0,108,88,0,120,0,0,0,0,67,0,137,0,114,57,0,0,101,106,119,0,0,63,0,0,120,73,0,34,0,0,122,0,0,144,0,111,0,0,106,63,167,0,0,145,0,0,0,97,0,153,0,0,0,0,0,0,131,167,0,143,161,80,0,0,0,0,0,105,0,0,107,135,148,43,0,0,102,0,118,0,119,0,154,107,204
"Feature4_TP",0,0,70,0,0,72,98,0,0,0,0,105,0,0,0,0,0,0,0,0,0,0,0,0,77,95,0,0,0,68,68,0,0,0,50,0,0,0,0,0,0,0,0,32,0,0,0,0,0,0,35,0,0,0,0,0,0,95,0,0,0,0,0,0,0,0,0,71,0,51,0,66,0,0,113,87,72,0,0,46,0,0,0,0,109,0,0,0,62,0,0,0,97,0,69,0,0,0,61,0
"Feature5_TP",49,142,0,83,0,102,0,122,0,0,0,102,104,0,0,0,0,0,81,0,35,0,0,0,32,0,0,0,0,0,0,0,96,110,0,0,0,67,0,67,0,0,0,0,0,83,0,0,0,0,0,0,0,0,0,0,0,130,0,40,0,0,28,112,0,0,90,0,0,0,0,0,0,0,0,0,0,47,0,0,0,132,0,0,0,0,0,0,0,0,0,0,71,0,0,0,0,0,0,0
"Feature6_TP",61,131,147,0,118,0,207,0,120,136,0,145,195,146,179,86,0,168,135,168,0,117,190,153,95,0,117,186,68,102,144,70,215,108,124,145,122,90,162,157,125,231,0,0,0,109,88,0,0,0,111,83,0,91,0,218,139,208,130,69,0,140,0,200,0,144,100,155,113,64,128,182,0,153,0,138,55,0,0,0,202,201,123,110,203,192,74,0,129,0,132,0,71,0,0,116,186,0,0,126
"Feature7_TP",0,0,0,59,0,0,74,0,0,0,0,0,0,0,0,28,0,105,64,0,27,0,0,48,63,94,0,0,54,0,0,61,67,0,63,100,0,0,0,0,30,0,56,0,112,0,18,49,0,0,50,0,0,0,0,0,0,0,0,0,0,0,0,0,0,0,0,0,0,52,103,96,0,86,0,0,0,0,0,0,0,102,0,0,0,0,0,0,0,45,0,0,0,0,0,0,0,0,0,0
"Feature8",0,0,13,0,0,0,0,0,0,0,180,0,0,77,0,0,0,0,0,108,0,0,0,0,0,0,154,0,0,0,0,0,0,127,0,0,0,0,0,57,0,0,99,0,73,0,0,0,0,0,0,132,0,68,89,0,0,0,167,0,0,0,0,0,46,0,0,0,100,0,0,0,0,162,0,0,148,157,48,36,0,0,62,62,0,0,0,0,33,0,0,0,136,0,18,0,0,93,106,124
"Feature9_TP",0,215,83,0,200,138,133,0,0,143,187,117,157,181,0,109,0,125,197,163,121,0,124,121,82,0,0,155,137,0,153,77,186,153,0,0,151,144,0,0,0,0,0,75,129,0,157,117,122,0,0,118,0,142,0,0,0,0,0,125,0,74,85,214,0,115,88,211,238,0,0,0,209,129,0,135,120,0,0,0,222,220,0,58,186,124,150,0,0,87,0,135,0,87,0,48,0,0,176,0
"Feature10",151,141,63,0,0,0,124,0,0,144,0,0,0,0,0,115,0,91,0,0,79,0,0,21,63,0,54,61,0,0,0,0,0,0,0,136,0,0,165,0,0,0,0,0,42,0,49,0,0,0,0,0,80,0,0,0,0,106,0,130,0,0,0,0,0,23,0,78,100,0,0,131,86,0,0,0,81,0,0,155,0,0,122,0,90,44,0,0,0,0,0,144,0,0,0,77,137,0,0,0
"Feature11",0,0,0,0,0,0,0,24,0,0,0,0,0,0,0,0,0,35,0,0,0,0,0,0,0,0,67,0,0,0,0,0,0,0,0,65,0,0,46,0,0,0,0,0,0,0,0,0,0,0,0,0,0,0,0,0,0,0,0,14,0,0,0,0,0,0,0,0,0,0,0,0,0,37,0,0,0,0,0,18,0,0,0,0,0,0,0,0,0,0,0,0,0,0,0,31,0,110,0,0
"Feature12_TP",0,0,69,190,0,0,97,114,176,0,88,95,0,0,95,103,175,102,0,0,47,150,111,57,0,0,0,0,0,47,0,88,0,145,0,0,0,53,111,52,0,112,97,0,0,90,0,103,101,0,57,122,0,36,35,0,119,0,164,0,71,0,113,149,145,0,47,0,0,0,143,0,138,96,0,152,0,0,105,0,0,0,0,0,126,145,0,0,86,124,0,96,134,0,164,0,0,0,0,159
"Feature13",0,0,0,0,0,0,0,0,0,0,0,0,0,0,0,0,0,0,0,0,0,0,0,0,0,0,20,125,0,0,0,0,0,0,0,0,0,0,0,0,0,0,0,0,0,0,0,0,0,0,0,0,0,0,0,0,0,0,0,0,0,0,0,0,83,0,0,0,0,0,0,44,0,0,0,0,0,0,110,85,73,0,0,48,0,0,107,0,76,0,0,0,0,0,0,0,0,0,0,43
"Feature14",0,126,0,0,0,0,0,0,0,0,0,0,0,0,0,0,0,0,0,0,0,0,0,0,0,0,0,0,0,110,0,0,0,0,0,0,0,0,0,0,0,0,0,0,0,0,0,107,20,63,58,0,0,0,0,0,0,0,0,0,91,0,0,0,0,0,0,0,0,0,0,0,0,0,0,0,0,0,0,0,14,0,0,0,0,0,0,0,0,0,0,0,0,0,0,0,0,0,0,0
"Feature15",0,0,0,0,0,0,71,0,0,0,0,0,0,0,0,0,0,0,0,71,63,0,0,0,0,0,0,0,0,0,0,0,0,75,0,0,0,0,106,0,0,0,0,0,0,0,0,0,0,0,0,0,0,0,0,0,104,0,0,32,0,0,0,0,0,0,0,0,0,0,0,0,0,0,0,0,0,0,0,0,86,0,0,0,50,0,0,0,58,0,0,20,0,0,0,0,0,0,0,0
"Feature16",0,18,0,180,0,0,0,0,110,80,0,0,95,160,131,0,0,130,83,0,0,0,0,0,0,38,0,0,0,0,74,0,0,111,135,0,0,0,53,0,0,0,104,61,47,0,0,127,0,0,0,0,0,0,0,0,0,0,0,77,0,30,0,53,0,0,0,0,0,96,0,0,14,0,0,0,0,44,0,0,0,0,0,0,0,29,199,157,0,0,0,0,0,154,0,0,0,86,0,0
"Feature17",0,0,75,54,0,0,0,44,0,0,0,0,135,45,0,0,165,92,83,0,0,94,0,10,178,0,0,139,0,0,0,0,0,77,0,111,101,0,0,0,57,0,0,184,0,0,0,0,0,0,75,0,0,0,0,0,0,0,0,41,149,0,0,96,0,0,148,96,0,0,0,0,33,0,0,0,0,0,68,0,0,11,0,171,0,0,21,0,141,81,0,95,155,0,0,0,69,44,24,170
"Feature18",0,0,0,0,0,0,0,112,0,0,0,0,0,0,0,0,0,0,0,0,0,0,0,0,0,68,0,0,0,0,0,0,0,0,0,100,0,0,79,0,0,0,0,0,0,0,0,0,0,0,123,0,0,0,0,0,0,56,0,0,16,0,0,0,0,0,0,0,0,0,0,0,0,0,0,0,0,0,0,0,0,0,0,0,0,39,0,0,0,0,0,0,0,0,0,0,0,0,0,0
"Feature19",0,0,0,0,0,0,0,0,0,0,0,0,0,0,0,0,0,0,0,0,0,0,0,0,0,0,0,0,66,0,0,0,0,0,0,38,0,0,0,0,61,0,0,0,0,0,0,0,0,0,0,0,136,0,0,0,0,0,0,0,0,0,94,0,0,0,0,0,86,0,0,0,0,0,0,0,0,25,0,0,0,0,0,0,59,47,0,0,0,0,0,0,61,0,0,0,0,0,0,0
"Feature20",0,117,0,0,49,0,0,0,0,0,0,0,0,166,0,99,0,0,0,155,0,137,57,0,115,0,0,0,103,0,109,172,0,0,0,0,61,0,0,147,0,0,0,0,0,0,0,0,0,24,0,0,62,0,0,0,0,0,127,81,0,0,0,0,0,95,0,0,42,0,0,0,0,0,0,0,52,0,0,0,52,134,0,0,0,130,0,0,75,0,108,0,35,78,0,0,0,0,61,0
"Feature21",0,0,0,8,125,0,109,0,125,0,0,77,0,0,93,0,0,0,0,0,155,0,0,0,0,0,0,0,0,0,0,0,0,0,0,0,0,0,0,92,132,0,53,0,0,0,141,0,133,132,129,0,0,0,0,0,0,0,0,0,0,0,0,0,0,0,57,0,0,103,0,0,0,0,0,0,0,0,96,0,19,29,131,0,0,0,0,0,0,70,101,0,0,0,0,90,0,0,0,0
"Feature22",0,0,0,0,0,0,0,0,0,0,0,0,0,0,0,0,0,0,0,0,0,0,0,0,0,0,0,0,0,0,0,0,0,0,0,0,0,0,0,0,0,0,0,0,0,0,0,0,0,0,0,0,0,0,0,0,0,0,0,0,0,0,0,0,0,0,0,0,0,0,0,0,0,0,0,0,0,0,0,0,0,0,0,0,0,0,0,0,0,0,0,0,0,0,0,0,0,0,0,0
"Feature23_TP",36,205,105,0,188,55,0,137,0,44,0,128,0,0,0,109,154,167,0,0,88,0,0,0,0,162,107,0,0,0,141,0,195,121,106,114,0,0,201,65,125,200,0,88,0,178,0,67,0,103,48,0,0,127,123,170,0,98,165,0,120,44,0,0,0,102,132,184,182,0,0,0,146,0,0,129,100,94,169,72,0,0,83,0,0,180,142,0,37,113,188,122,59,57,203,0,166,0,0,0
"Feature24",0,0,0,0,0,0,0,0,0,0,0,0,0,0,0,0,0,0,0,0,0,0,0,0,0,0,22,0,0,0,0,0,0,0,0,0,0,79,110,0,0,0,69,0,0,0,0,0,0,0,0,0,0,0,0,0,0,0,0,0,0,0,79,0,0,0,0,0,0,0,0,0,0,0,0,0,0,0,0,0,0,0,72,0,0,0,0,0,0,0,0,0,0,0,0,0,0,29,0,0
"Feature25_TP",99,0,0,0,141,0,0,0,0,0,0,87,0,0,0,0,0,0,74,0,0,0,91,0,84,0,63,0,0,0,0,0,0,103,0,0,0,36,104,45,0,0,93,0,0,0,62,0,98,0,0,80,115,0,0,155,0,123,0,0,0,0,0,0,0,33,0,0,90,0,0,76,0,0,122,0,27,0,89,0,0,0,92,0,143,0,0,0,0,0,115,0,0,0,0,44,94,141,0,0
"Feature26",0,0,31,20,0,0,0,0,0,0,0,0,0,0,0,0,0,0,0,0,0,0,0,0,0,105,0,0,0,0,0,0,0,0,0,0,0,0,0,0,43,0,0,0,0,93,0,98,0,0,0,0,0,0,0,0,0,0,0,0,0,0,0,44,18,0,0,0,0,0,0,0,0,0,0,0,0,0,27,0,0,0,0,0,0,0,0,0,0,0,0,0,0,0,0,68,0,0,0,0
"Feature27",0,0,0,0,0,0,0,0,0,0,0,0,0,0,0,0,0,0,0,0,0,0,0,0,0,0,0,0,0,0,0,0,0,0,0,0,0,0,0,0,0,0,53,0,0,0,0,0,0,0,0,0,0,0,0,0,0,0,0,0,0,0,0,0,91,0,0,0,0,0,61,0,0,18,0,0,0,0,0,0,67,0,0,0,0,0,0,0,0,0,0,0,0,0,0,0,0,0,62,0
"Feature28",0,0,0,0,0,0,50,0,0,0,0,0,131,0,0,0,0,0,0,0,0,0,0,0,0,0,0,0,0,71,0,0,0,0,0,75,0,0,0,0,0,0,57,0,139,0,0,0,0,0,0,73,0,0,48,0,0,0,0,0,0,0,56,0,136,0,89,0,0,0,65,0,42,0,0,0,0,0,95,0,0,0,0,0,0,0,0,0,0,0,0,0,0,92,0,0,19,0,0,8
"Feature29",0,0,0,0,53,0,0,0,0,0,0,0,0,0,0,0,0,0,0,0,0,0,0,0,0,0,0,0,0,0,0,0,0,0,0,30,0,0,0,0,0,0,0,0,0,0,0,0,0,0,0,0,0,0,0,0,0,0,0,0,0,0,0,0,0,0,0,0,0,0,0,0,0,0,0,0,0,36,0,0,0,0,13,0,37,0,0,0,0,0,0,0,0,0,0,0,0,0,0,0
"Feature30_TP",0,0,0,0,0,0,0,0,0,0,0,0,0,0,0,0,0,0,83,0,0,0,0,0,0,0,0,0,0,0,0,0,141,0,68,0,0,0,0,0,0,125,0,84,0,88,0,0,0,0,0,0,83,0,0,0,43,0,0,0,0,0,0,0,0,23,0,0,0,0,0,92,163,0,0,0,0,0,0,0,0,0,0,0,108,156,0,148,0,0,127,0,0,0,0,0,0,0,0,0
"Feature31",0,0,0,0,0,0,0,0,42,0,0,0,0,0,0,0,0,0,0,0,0,0,0,0,0,0,0,0,0,0,0,0,0,0,0,0,0,0,0,0,0,0,0,0,0,39,0,0,0,0,0,0,45,0,0,0,0,0,0,0,0,0,0,0,0,0,0,0,0,0,0,0,88,0,0,0,0,0,0,0,0,0,0,0,0,0,0,0,0,0,0,0,0,0,0,0,0,0,0,0
"Feature32",0,0,0,0,40,0,0,0,0,0,0,0,0,0,0,0,0,0,0,0,0,0,0,0,22,0,0,0,0,0,0,0,0,0,0,0,0,0,0,0,0,0,0,0,45,0,0,0,0,0,0,0,0,0,0,0,0,0,0,16,0,0,0,0,0,0,0,0,0,0,0,0,0,0,117,0,43,0,0,0,0,0,0,0,0,0,0,0,0,0,0,0,0,0,0,0,0,0,0,0
"Feature33",194,197,65,0,281,263,10,86,26,215,330,8,265,0,0,124,226,25,102,282,0,292,0,300,33,140,164,48,294,332,248,70,241,199,160,0,263,0,54,362,30,59,169,148,176,243,0,76,47,0,125,278,164,113,219,0,345,0,88,61,287,369,42,0,0,211,0,171,0,160,0,224,0,123,0,0,205,71,303,274,42,367,0,57,257,31,285,11,177,158,245,0,135,182,64,98,140,45,96,370
"Feature34",68,0,0,0,0,0,0,0,0,0,0,0,0,0,0,0,0,0,0,0,0,0,0,0,0,0,0,0,0,0,0,114,0,0,0,0,0,0,0,0,0,13,0,0,120,0,0,0,0,0,0,0,0,79,86,0,0,0,0,0,0,0,0,0,0,0,0,0,0,0,0,0,0,0,0,0,97,0,0,0,0,0,0,0,0,0,0,0,0,0,73,0,0,0,0,42,0,0,0,0
"Feature35",170,98,190,0,129,293,103,263,137,0,0,231,167,0,229,177,0,78,0,0,0,0,0,0,77,0,14,222,79,222,241,222,0,67,0,0,0,175,0,92,191,177,0,0,123,0,275,31,110,107,0,216,234,0,0,102,0,239,315,0,156,0,0,201,157,70,193,248,0,158,113,230,0,76,0,160,81,0,76,175,0,0,192,96,145,111,9,0,0,197,0,0,0,103,0,107,0,81,170,296
"Feature36_TP",65,0,37,98,131,0,159,0,89,86,0,145,0,92,0,42,141,0,87,115,47,0,175,0,0,112,106,135,111,0,148,0,171,131,0,0,0,0,0,118,50,161,28,92,0,94,0,0,0,0,48,0,0,0,0,0,62,114,0,0,0,76,112,138,0,69,0,0,113,0,0,93,139,0,92,0,34,0,167,0,112,0,0,28,0,0,52,0,22,0,191,0,119,0,0,0,132,0,0,141
"Feature37",0,0,0,0,0,0,0,0,0,0,0,0,0,0,0,0,0,0,0,0,0,115,68,69,0,58,0,0,0,0,0,0,0,0,0,0,0,0,0,0,0,0,0,0,0,0,0,79,0,0,0,0,0,0,0,0,0,0,0,0,175,0,85,0,0,0,0,54,0,0,0,0,0,0,0,0,0,0,0,0,0,0,0,0,0,0,0,150,102,0,0,56,0,0,0,63,33,0,0,0
"Feature38",44,0,0,0,0,0,0,0,0,0,113,0,0,28,0,0,0,0,0,19,0,0,0,0,0,0,0,72,0,0,0,0,0,0,0,0,100,0,0,0,0,0,0,0,0,0,0,0,0,0,0,0,0,46,0,0,0,0,0,61,0,0,0,0,0,0,0,37,0,0,0,0,94,0,0,0,0,89,0,0,0,0,0,0,0,0,0,0,0,0,0,0,66,0,0,0,0,95,90,0
"Feature39",0,0,0,0,0,0,0,0,0,0,0,0,0,0,0,0,0,0,0,0,0,0,0,0,0,0,0,0,0,0,0,0,0,0,0,0,0,0,0,0,0,0,0,0,0,0,0,0,0,0,0,0,0,0,0,0,0,0,0,0,0,0,0,0,0,0,0,0,0,0,0,0,0,0,0,0,0,0,0,0,0,0,0,0,0,0,0,0,0,0,0,0,0,0,0,0,0,0,0,0
"Feature40",0,142,67,291,137,152,172,248,176,0,188,31,234,304,139,154,140,0,252,0,0,33,233,0,0,106,206,211,263,101,128,253,0,0,237,153,210,276,275,68,186,96,41,236,192,225,281,260,302,241,186,55,0,143,83,0,284,163,68,65,168,328,111,294,76,20,0,25,117,0,266,145,0,93,169,0,154,232,220,78,100,139,202,0,66,82,0,0,0,45,178,0,153,219,48,72,114,170,243,88
"Feature41_TP",77,141,0,0,78,0,0,0,0,0,0,0,87,0,0,68,0,0,88,0,76,0,0,0,0,0,0,0,71,0,0,0,0,0,0,0,0,0,0,0,0,0,0,0,0,0,0,0,0,0,108,0,0,0,0,0,0,0,134,0,33,0,42,0,0,0,0,0,140,0,0,135,0,0,81,0,0,0,0,84,0,0,0,0,110,120,0,99,0,0,0,85,0,0,0,55,0,88,117,0
"Feature42",0,0,0,0,0,0,0,0,0,0,0,0,0,0,0,0,0,0,0,0,0,0,0,0,0,0,0,0,0,0,0,0,0,0,0,0,0,0,0,0,0,0,0,0,0,0,0,0,0,0,0,0,0,0,0,0,0,0,0,0,0,0,0,0,0,0,0,0,0,0,0,0,0,0,0,67,0,18,0,0,0,0,0,0,0,0,0,0,0,0,0,71,0,0,0,0,0,0,0,0
"Feature43_TP",0,0,0,105,82,69,0,0,0,0,0,0,0,0,0,0,99,0,0,0,0,0,0,0,0,91,32,83,0,0,0,0,0,0,0,0,0,0,0,32,34,0,19,0,0,0,0,38,0,0,65,0,0,83,0,73,69,95,0,0,50,0,0,71,0,0,0,0,0,27,0,103,0,33,0,0,0,0,0,0,0,94,0,0,0,0,0,0,83,49,0,0,0,0,0,0,0,0,85,0
"Feature44",0,0,0,0,0,103,0,0,0,0,28,0,0,0,0,0,0,0,0,0,0,0,44,0,40,0,0,0,0,0,0,0,32,0,0,0,0,0,110,0,0,0,0,0,0,0,0,0,50,110,0,0,0,0,0,0,49,0,0,102,0,0,0,0,0,0,0,50,0,0,0,0,0,0,0,0,0,0,0,0,0,0,0,0,123,0,0,103,0,0,0,0,0,0,0,0,0,0,0,0
"Feature45",0,0,0,84,0,0,78,43,0,0,0,0,0,0,0,0,0,0,0,34,0,0,0,0,0,0,0,0,0,0,0,0,0,0,0,54,0,0,0,0,0,0,0,0,0,0,0,0,0,0,0,0,0,0,0,0,0,139,0,0,0,0,0,0,0,0,0,0,0,0,0,0,0,0,0,0,0,0,0,0,0,0,0,0,0,36,0,91,0,0,0,0,0,0,0,0,0,0,0,66
"Feature46_TP",0,128,59,0,0,0,0,0,0,0,0,0,0,0,98,34,0,0,0,79,0,0,73,0,0,0,0,0,0,0,125,0,126,76,0,99,0,51,0,0,0,98,0,0,0,0,0,0,0,0,0,0,0,0,70,0,24,0,0,0,0,0,73,0,0,0,0,0,110,52,0,0,0,0,0,0,0,0,0,0,0,0,0,0,0,0,0,66,0,0,0,0,0,69,0,78,0,0,0,0
"Feature47",0,0,0,52,0,0,0,0,0,0,0,0,0,0,0,0,0,0,0,86,0,0,0,0,0,0,0,0,0,0,0,73,0,0,0,0,0,0,0,0,0,0,0,0,0,0,0,0,0,0,0,0,0,0,0,0,0,48,0,0,0,0,0,0,0,0,0,15,0,63,0,0,0,0,0,0,0,0,0,0,0,0,0,0,0,0,0,0,0,0,0,0,0,17,0,0,0,0,0,0
"Feature48",0,0,32,0,0,0,0,0,0,0,66,0,0,0,0,57,0,0,0,0,0,0,0,93,0,38,0,153,0,0,0,181,70,0,0,0,0,0,67,0,112,0,0,0,0,0,0,36,103,0,78,174,0,0,0,0,0,0,0,52,0,0,130,0,0,0,0,0,0,91,120,0,0,150,0,0,0,0,0,65,0,0,20,0,0,0,0,0,77,0,0,124,0,0,129,0,0,115,155,0
"Feature49",162,0,0,0,0,116,0,0,0,0,153,0,0,0,0,0,0,106,0,0,0,0,0,0,0,0,0,76,48,0,0,0,0,34,181,133,0,130,0,0,0,0,0,0,191,22,0,40,0,71,0,80,25,0,0,124,0,178,0,85,208,0,121,46,149,0,0,0,0,0,0,0,33,0,0,184,0,143,0,12,59,158,0,0,0,86,0,0,0,106,58,118,132,126,107,0,83,0,0,0
"Feature50",404,273,378,324,411,54,0,475,485,426,324,451,227,399,169,288,489,261,437,66,81,310,146,62,105,488,271,561,114,442,189,328,430,118,77,113,0,345,227,247,316,366,193,0,119,373,420,381,336,508,14,128,566,183,427,497,163,0,526,412,175,0,165,472,158,333,244,83,114,185,71,100,190,355,149,0,175,274,298,510,476,110,144,446,403,75,65,461,264,345,398,87,0,399,440,257,360,112,260,296
"Feature51",0,0,0,86,110,0,0,81,0,0,54,0,0,133,0,109,0,0,0,0,131,0,0,58,0,131,105,0,0,116,0,0,0,0,0,39,0,0,115,0,0,0,58,0,0,130,0,62,0,0,0,0,0,48,0,0,175,0,0,0,0,149,24,0,0,56,0,0,0,0,0,0,0,0,0,66,0,28,12,53,59,0,0,0,0,0,0,0,0,0,0,0,0,0,0,0,165,19,0,0
"Feature52",0,0,0,0,0,0,0,0,0,0,0,0,0,0,0,0,0,0,0,0,0,0,0,43,0,0,0,0,0,0,0,0,0,0,0,0,0,0,0,0,0,0,0,0,0,0,0,0,0,0,0,45,0,0,0,20,0,0,0,0,0,0,0,0,0,0,0,0,0,0,0,0,0,0,0,0,0,0,0,0,0,0,0,0,0,0,0,0,0,0,0,0,0,0,0,0,0,0,0,0
"Feature53_TP",0,0,0,0,121,41,0,0,0,0,0,0,0,84,0,0,0,0,0,0,0,0,66,0,49,0,34,0,0,0,0,0,0,0,0,82,0,0,91,0,0,68,0,0,65,87,0,0,0,0,0,0,0,0,0,0,0,0,0,0,0,0,0,0,0,0,0,0,0,0,0,0,0,0,0,97,0,0,0,0,79,0,0,0,109,0,0,0,0,73,0,0,0,69,0,53,0,0,0,0
"Feature54_TP",0,0,0,0,0,0,79,0,0,0,0,63,0,117,0,0,0,0,0,0,0,0,0,0,0,0,50,0,0,0,0,84,0,101,0,0,0,75,0,32,0,0,75,0,0,0,0,0,0,0,0,0,0,0,0,0,0,0,0,0,48,0,0,0,79,0,0,0,0,0,0,0,0,0,129,107,0,0,0,0,93,0,0,0,76,0,0,130,0,0,0,0,72,0,0,0,0,0,77,0
"Feature55_TP",53,139,143,217,0,169,185,0,210,79,0,142,0,229,0,111,126,0,0,144,0,129,0,0,63,203,0,0,82,60,138,48,204,149,0,124,161,127,0,0,0,0,104,0,237,194,88,60,0,0,92,139,114,0,139,0,135,149,186,0,49,77,91,195,222,56,0,171,111,133,178,220,0,0,0,223,54,0,140,179,222,228,143,59,126,214,115,231,109,0,166,0,71,59,234,0,242,167,126,0
"Feature56_TP",66,246,145,247,0,167,189,0,162,0,183,194,136,151,165,0,214,200,255,223,138,0,204,145,91,0,97,287,92,146,217,164,231,0,70,215,154,0,0,60,70,181,123,163,259,241,179,134,0,91,168,70,0,0,0,165,67,0,278,0,186,59,65,179,219,56,0,152,190,91,211,206,180,40,253,144,93,166,207,93,0,0,0,170,150,0,0,223,0,0,277,64,73,75,155,43,216,0,0,276
"Feature57_TP",0,83,0,0,0,0,0,0,118,0,0,100,0,0,127,0,0,0,0,0,72,77,0,86,0,0,0,0,56,0,0,0,0,0,0,0,0,0,0,0,0,0,47,0,0,0,0,77,142,94,0,30,0,75,75,82,33,146,0,32,0,0,0,0,0,90,0,0,0,0,147,0,141,0,150,0,0,0,0,102,0,92,0,0,137,124,0,0,97,0,0,0,0,0,0,0,0,0,0,0
"Feature58",86,0,0,100,0,0,0,0,0,0,0,0,0,0,0,0,0,0,0,0,0,0,0,0,0,0,26,0,0,0,0,58,0,0,0,0,0,130,0,55,0,107,0,0,0,113,0,0,0,0,0,0,0,0,0,0,38,0,61,0,0,0,0,0,0,0,0,0,0,0,0,0,0,0,0,0,0,0,0,0,0,0,86,0,0,0,0,0,0,0,23,0,0,0,0,54,100,0,0,0
"Feature59",0,0,0,0,110,0,0,0,0,0,0,0,0,0,0,0,38,0,101,0,0,11,0,0,0,0,0,0,0,0,0,0,0,0,0,0,0,0,0,0,0,0,0,143,0,0,45,0,0,0,0,0,0,0,0,21,0,0,133,0,0,42,0,0,0,0,0,0,0,0,0,0,0,0,0,0,0,37,0,0,0,0,57,0,0,0,0,0,0,0,0,0,29,0,0,0,0,28,0,0
"Feature60",0,0,0,0,0,0,0,0,0,0,0,0,13,0,0,0,0,0,0,0,0,0,0,0,0,0,0,0,0,0,0,0,0,0,0,31,0,0,0,0,0,0,0,0,24,0,0,0,0,0,0,0,0,0,0,47,42,0,0,0,0,0,0,0,37,0,68,0,0,0,0,0,0,93,0,0,0,0,0,0,0,0,0,0,0,0,0,0,0,0,0,0,99,0,0,0,30,0,0,75
"Feature61",146,0,40,199,136,0,0,0,0,143,168,0,0,72,0,0,0,158,0,27,0,0,0,0,8,0,0,0,0,0,0,0,0,0,0,0,0,87,65,0,0,0,153,83,0,0,127,0,0,0,183,139,153,145,0,0,0,0,0,0,0,132,0,3,0,0,0,183,0,0,0,143,0,0,229,0,0,31,69,0,0,129,0,0,0,0,0,0,0,167,0,0,0,94,0,0,0,0,0,59
"Feature62",25,0,0,41,0,0,0,0,0,0,0,0,0,0,0,0,0,0,93,0,142,0,0,0,0,0,0,0,0,0,105,85,0,0,72,0,0,0,20,136,0,0,0,23,35,61,43,103,0,0,0,0,0,0,0,0,0,0,0,0,0,0,65,101,103,0,0,0,0,0,0,0,0,16,0,0,0,0,0,122,0,71,0,0,0,0,84,0,0,0,0,0,0,0,0,0,0,0,0,0
"Feature63_TP",0,0,0,0,0,0,0,0,0,0,0,115,0,0,103,0,109,100,0,0,0,0,0,0,0,0,0,94,0,0,0,0,0,0,0,74,0,95,116,0,0,0,0,0,104,0,0,0,0,0,0,0,30,78,0,0,0,0,0,0,0,0,61,76,0,88,0,0,0,0,0,0,0,0,0,117,0,0,0,44,0,0,0,0,78,0,0,0,0,0,66,0,24,0,0,61,0,0,0,0
"Feature64",0,0,0,0,0,0,0,0,0,0,0,0,0,51,0,0,0,0,0,0,0,0,0,0,0,0,0,0,0,0,0,0,0,0,0,0,0,0,0,0,0,0,83,0,0,0,0,0,0,0,0,0,0,0,0,0,0,0,0,0,0,0,0,0,0,0,0,0,0,0,0,0,0,0,0,0,0,0,0,0,0,0,0,0,0,0,0,0,0,0,0,0,0,0,0,0,0,0,0,0
"Feature65_TP",0,76,0,0,0,0,0,133,0,0,100,0,0,0,0,0,0,0,0,0,0,0,122,80,99,0,0,0,0,0,120,0,0,112,0,0,0,0,0,0,94,0,0,0,98,0,0,0,112,0,42,0,99,0,0,0,0,0,0,0,84,0,104,0,0,57,0,0,0,51,0,0,0,0,0,0,0,0,0,0,0,0,69,0,0,0,83,0,0,0,0,34,0,0,139,85,0,0,137,117
"Feature66",0,0,0,0,0,75,147,0,78,0,0,108,0,0,0,77,0,0,85,0,70,0,0,0,64,0,89,89,101,0,0,107,42,0,0,0,0,0,56,0,0,80,0,0,178,12,0,118,90,0,0,35,0,0,0,168,181,0,0,0,0,0,0,0,0,0,98,13,0,0,109,125,0,0,0,0,0,0,0,0,0,132,0,0,0,11,0,0,63,48,0,0,0,0,0,61,0,0,0,0
"Feature67",0,0,0,0,0,0,0,0,0,0,0,0,0,0,0,0,0,0,0,0,0,0,0,0,0,0,0,0,0,0,46,0,0,0,0,0,0,0,0,0,0,0,0,0,0,0,0,0,0,0,0,0,0,0,0,0,0,0,0,0,0,0,0,0,0,0,0,0,0,0,0,0,0,0,0,50,0,0,0,0,53,0,0,64,0,0,0,0,0,0,0,0,0,0,0,0,0,0,0,0
"Feature68",146,175,0,34,0,0,0,0,0,138,159,0,0,0,0,0,0,0,0,0,0,74,78,0,0,177,0,0,0,0,0,0,0,27,0,144,66,0,0,0,95,0,0,0,0,172,0,73,113,187,103,162,153,18,0,0,0,192,22,0,0,0,0,36,143,0,63,146,0,58,0,130,0,138,0,0,0,0,0,168,0,135,0,128,0,0,0,0,0,59,124,0,0,0,0,0,0,0,0,0
"Feature69",0,0,0,0,0,0,0,0,0,0,0,0,0,0,0,0,0,91,0,0,0,8,0,85,0,0,30,0,67,92,0,0,0,0,0,0,0,0,0,0,14,0,0,0,0,0,0,0,87,0,0,0,0,0,0,0,0,0,0,0,51,0,0,0,0,0,0,0,0,0,0,0,0,0,36,0,0,0,0,0,0,0,0,0,0,0,0,0,0,0,0,0,70,0,104,0,0,0,0,0
"Feature70",45,0,0,9,0,0,0,137,0,0,0,0,0,0,0,0,0,0,0,43,0,0,0,0,0,24,0,0,0,0,0,0,0,0,0,0,0,0,0,0,0,0,0,0,0,0,0,0,0,0,131,0,0,0,32,127,0,0,0,0,0,75,0,109,0,0,49,97,0,0,72,0,0,0,0,0,0,0,0,0,0,0,0,0,0,0,0,0,0,0,0,0,0,0,0,0,0,0,63,0
"Feature71",0,39,42,0,0,71,0,0,0,0,0,0,0,0,0,0,0,0,0,0,0,0,0,0,0,28,0,0,0,153,0,0,0,0,0,0,0,0,0,0,0,0,86,0,0,0,0,0,0,44,0,0,113,0,0,0,0,0,0,0,0,163,0,0,0,0,0,84,0,0,147,0,0,0,0,0,0,0,0,0,0,0,0,0,0,34,0,48,0,0,0,149,123,0,0,0,0,117,0,0
"Feature72",0,0,0,0,0,0,84,0,59,0,0,0,0,0,0,0,44,0,0,0,0,0,40,0,158,103,0,0,0,0,27,0,0,0,0,0,130,0,124,0,0,0,0,0,0,0,184,39,0,36,0,71,0,0,0,0,0,0,0,0,0,0,14,0,145,0,0,0,97,0,0,0,0,0,136,0,68,0,90,0,108,168,0,0,0,172,0,0,0,20,179,0,0,0,0,0,139,129,0,0
"Feature73",28,0,0,0,0,0,100,0,0,0,0,0,21,0,0,0,0,0,0,0,0,0,0,0,0,0,9,0,0,0,0,0,0,0,0,0,0,36,0,118,0,0,0,0,0,45,131,0,0,0,0,0,0,57,0,0,0,0,0,0,0,133,0,0,0,0,0,0,0,0,0,52,0,116,0,120,0,0,0,154,0,0,0,0,100,0,0,39,0,0,0,0,28,0,0,0,0,0,0,105
"Feature74_TP",0,0,0,0,0,0,141,0,0,46,140,0,152,0,124,106,0,0,0,144,105,148,0,105,0,95,0,0,107,0,127,0,0,130,0,139,0,0,132,0,68,146,0,0,130,142,0,0,0,0,0,123,132,0,0,0,0,135,214,88,0,133,0,0,0,0,106,0,0,92,0,0,199,136,0,0,0,122,98,0,0,0,0,51,0,101,126,0,107,0,150,63,0,0,160,109,164,0,0,0
"Feature75",48,0,0,102,0,0,38,0,0,0,0,0,0,0,0,0,0,22,0,0,0,47,0,111,0,0,0,0,0,0,0,0,0,0,0,0,0,0,0,0,55,0,95,55,39,0,0,0,0,0,0,0,0,0,0,0,0,0,0,0,0,0,0,0,0,0,0,0,0,68,158,0,0,0,0,106,0,0,0,0,19,0,85,0,0,0,106,90,0,0,0,0,0,0,0,0,0,0,0,0
"Feature76",0,0,0,0,0,0,0,12,0,108,14,0,0,0,17,0,122,0,0,0,0,76,0,0,0,0,0,85,0,145,81,0,152,43,49,0,71,0,67,0,64,0,0,81,0,0,0,153,46,76,0,24,0,51,0,0,164,0,0,0,0,0,153,0,0,89,0,30,0,109,0,0,0,111,0,0,0,0,0,0,0,0,0,0,0,0,0,96,0,0,0,142,0,0,0,0,0,0,0,26
"Feature77",0,0,0,0,0,0,0,0,0,0,0,0,0,0,0,0,0,0,0,44,0,0,90,0,0,0,0,0,0,0,0,0,0,0,0,0,0,0,0,0,0,0,0,0,41,0,0,0,0,0,0,0,0,0,0,0,0,0,0,0,0,0,0,0,0,0,0,0,0,0,0,0,0,0,0,0,0,0,0,0,0,0,45,0,0,0,0,0,0,0,0,0,0,0,0,0,0,0,0,0
"Feature78",0,0,70,0,0,0,53,0,0,0,0,0,0,0,0,0,0,0,0,0,0,0,0,0,0,0,0,0,0,0,0,60,0,0,0,0,0,0,0,0,0,0,0,0,0,0,0,0,0,106,0,0,0,0,0,0,0,0,0,0,0,0,0,0,0,0,0,0,0,0,0,57,114,0,0,39,0,0,0,0,0,0,0,0,0,36,0,0,0,0,0,0,0,116,0,0,0,0,0,0
"Feature79",0,0,118,0,0,0,0,0,0,0,89,0,0,0,0,0,0,0,0,0,0,0,0,0,0,0,0,0,0,0,0,0,0,0,0,0,0,0,0,0,0,0,56,0,0,82,0,0,0,0,0,0,0,0,0,0,0,0,0,0,0,12,0,0,0,79,0,120,0,0,0,0,0,0,0,86,0,0,0,0,0,0,0,0,0,0,63,0,0,0,0,0,52,0,0,0,0,0,0,0
"Feature80",0,0,49,0,0,0,0,0,0,0,0,0,0,0,0,0,0,0,0,0,0,0,0,0,0,0,0,84,0,0,0,0,0,0,0,0,0,0,0,55,0,0,0,0,0,0,11,0,0,0,0,0,0,0,0,0,0,71,0,66,0,0,0,0,0,0,0,0,0,0,0,0,0,0,120,0,69,0,0,0,0,0,0,0,0,72,0,0,0,0,0,0,0,0,0,0,0,0,0,0
"Feature81",0,0,0,0,0,0,0,0,0,0,0,0,0,0,0,0,0,0,0,0,0,156,0,0,113,113,0,0,0,0,62,0,0,0,0,0,96,0,0,0,0,0,0,0,0,0,0,38,0,0,0,0,7,0,0,0,0,0,0,0,149,0,20,28,0,0,0,0,0,0,0,0,0,0,0,0,0,0,0,0,12,0,122,8,0,138,0,0,0,0,124,0,0,64,0,0,166,0,0,0
"Feature82_TP",108,0,0,0,0,91,177,154,96,139,0,167,166,0,192,114,0,0,201,154,0,0,178,0,0,0,0,163,68,49,166,0,0,0,81,164,92,125,0,0,97,0,0,0,0,0,0,83,190,122,100,0,0,95,0,0,121,202,0,137,0,120,105,116,188,0,0,103,0,93,216,0,0,0,214,186,0,0,0,157,158,151,130,0,0,113,99,0,73,0,0,115,0,61,0,0,0,0,156,0
"Feature83",30,160,0,0,74,0,0,0,0,149,59,0,0,0,23,0,185,0,53,82,34,0,0,87,151,0,0,0,79,0,0,0,67,0,0,0,0,0,0,0,0,0,0,0,0,0,60,165,73,0,174,175,32,0,0,0,0,0,136,0,31,0,0,0,0,0,0,100,0,0,0,0,91,0,0,140,0,0,0,0,0,0,16,0,0,0,0,0,166,105,0,19,0,0,0,0,47,0,77,0
"Feature84",90,29,33,0,0,3,0,0,98,71,0,141,99,0,0,93,0,92,0,70,0,0,0,0,0,0,0,0,37,0,0,0,0,0,0,0,0,0,0,144,0,0,0,0,0,0,0,0,0,0,0,76,0,0,0,23,0,0,0,0,0,0,0,0,0,138,0,0,0,0,74,0,0,0,0,0,0,0,0,0,0,0,0,0,54,0,0,0,0,174,0,0,0,0,0,0,121,0,0,0
"Feature85",0,0,19,0,0,0,0,0,0,0,0,0,0,0,0,0,0,0,0,0,0,0,0,0,0,0,0,0,0,0,0,0,0,0,0,0,0,33,0,0,0,0,0,0,0,0,0,0,0,0,0,0,0,0,0,0,0,0,0,0,0,0,0,0,0,0,0,0,0,0,0,0,0,0,0,0,0,0,0,0,0,0,0,0,0,0,0,0,0,0,0,0,0,0,0,0,0,0,0,0
"Feature86",82,0,0,143,0,0,164,154,0,170,0,21,0,245,195,136,0,0,19,0,93,182,0,29,0,0,141,15,0,0,150,18,164,167,204,0,55,207,68,251,49,241,0,188,38,0,0,26,0,0,0,43,0,134,258,0,66,0,264,173,0,219,122,0,0,0,234,0,273,143,0,200,255,36,291,0,23,127,148,257,0,186,0,0,128,0,0,105,0,116,0,65,0,0,36,94,0,220,127,0
"Feature87",0,34,77,0,0,0,0,101,0,153,0,0,0,45,0,47,46,0,0,0,0,0,0,64,0,0,0,111,33,90,113,0,0,50,148,34,0,0,0,0,0,51,0,80,0,0,0,0,0,148,127,0,0,0,0,0,0,0,0,0,0,0,0,139,0,0,0,97,192,116,0,0,0,0,0,0,0,0,101,39,0,131,0,0,126,0,0,66,0,0,129,0,55,0,0,0,177,0,126,0
"Feature88",0,24,140,132,57,92,116,67,70,0,161,0,0,31,0,0,0,0,91,41,0,15,0,0,0,211,0,0,0,0,172,0,32,66,0,81,0,0,112,0,106,0,0,135,0,0,119,0,78,183,137,15,0,0,0,166,0,0,0,111,0,0,0,0,0,0,0,173,0,0,196,0,0,0,0,0,163,28,168,76,131,0,0,59,0,0,199,72,0,0,0,0,47,0,0,88,0,0,188,201
"Feature89",0,0,0,0,0,86,90,147,74,25,0,0,108,0,0,0,115,99,0,0,0,26,143,0,0,0,0,0,0,188,0,152,0,0,151,58,0,88,0,53,0,166,0,0,0,0,0,0,116,121,0,0,0,102,0,94,0,178,0,0,0,0,0,0,0,0,20,183,0,0,0,0,0,169,218,59,84,0,185,0,0,0,0,0,0,121,74,0,165,146,41,35,0,38,0,0,47,0,104,0
"Feature90",0,0,0,0,0,0,0,14,0,0,0,0,0,0,0,0,66,0,0,0,0,0,0,0,57,0,0,0,0,0,0,0,0,0,0,0,0,0,0,0,0,0,0,0,0,0,0,0,0,30,0,0,0,0,0,0,0,0,0,0,0,0,0,0,0,0,0,0,0,0,0,0,0,0,0,0,0,0,0,0,0,0,0,0,0,91,0,0,0,0,0,0,0,0,0,0,0,0,0,0
"Feature91",0,0,0,0,0,0,0,0,0,0,0,0,0,0,0,0,0,0,0,0,0,0,0,0,0,0,0,0,0,0,0,0,0,0,0,0,0,0,0,0,0,0,0,0,0,0,0,0,0,0,0,0,0,0,0,0,0,0,27,0,0,0,0,0,0,0,0,0,0,0,0,0,0,0,0,0,0,0,0,0,0,0,0,0,0,0,0,0,0,0,0,0,0,0,0,0,0,0,0,0
"Feature92_TP",60,0,0,0,0,57,116,0,0,0,0,0,0,0,83,0,0,0,115,0,0,140,0,0,37,73,0,0,0,0,98,0,0,126,0,0,73,0,0,112,0,0,0,0,0,0,60,0,0,0,0,47,0,0,0,0,96,0,0,0,0,66,50,0,0,39,0,0,0,0,0,0,0,0,94,0,0,93,0,0,155,117,94,0,0,120,0,0,0,0,0,0,0,57,0,78,0,148,0,105
"Feature93",35,0,90,0,0,0,0,73,0,126,0,0,80,0,0,0,131,0,83,0,162,0,0,33,0,0,0,0,0,0,0,0,2,0,0,0,0,0,0,0,0,0,0,164,0,0,0,24,84,0,0,0,166,79,0,0,0,0,0,0,0,0,0,0,80,123,0,0,0,82,0,33,0,0,0,0,0,0,0,0,102,0,0,0,125,0,0,0,0,0,0,0,58,0,0,0,0,71,0,0
"Feature94",63,0,0,0,0,0,0,0,0,0,0,0,112,0,0,0,32,0,0,0,0,0,0,143,0,0,0,0,77,0,0,0,0,0,64,35,0,0,0,0,0,0,0,0,0,160,121,0,0,0,0,0,110,0,0,0,46,0,66,0,70,0,0,0,0,0,0,0,0,34,0,0,0,0,0,144,16,0,112,192,0,0,0,0,0,126,0,0,133,0,0,80,0,28,81,0,0,53,0,0
"Feature95",77,0,93,59,0,0,0,0,30,0,0,87,0,0,0,137,85,105,0,110,173,0,0,0,68,0,0,0,0,129,0,0,0,0,0,0,0,0,0,18,0,0,0,0,0,0,0,88,19,86,0,0,61,0,0,96,0,0,0,0,0,0,0,0,0,0,151,0,0,0,0,10,65,0,0,0,0,0,132,0,0,0,0,0,0,91,33,0,0,166,0,157,13,0,0,0,0,0,41,0
"Feature96_TP",0,116,0,196,160,53,140,129,103,60,0,0,0,0,210,109,0,0,164,0,0,0,0,127,0,0,0,0,128,145,176,118,0,148,0,115,90,0,0,114,140,0,87,0,0,0,120,0,0,78,0,96,0,93,0,0,0,0,145,54,72,49,67,142,206,101,100,144,0,119,152,121,153,52,197,161,102,0,150,0,114,0,0,0,0,140,0,92,76,81,0,0,52,109,153,0,0,0,164,0
"Feature97",0,0,0,0,0,0,0,0,0,0,0,0,0,0,0,0,0,0,0,0,0,0,0,0,0,0,0,0,0,0,0,0,47,0,0,0,0,47,0,0,0,0,0,0,0,0,0,0,0,0,0,0,0,0,0,0,0,0,0,0,0,0,0,0,0,0,0,0,0,0,0,0,0,0,0,0,0,0,0,0,0,0,0,0,11,0,0,0,0,0,0,0,0,0,0,0,0,0,0,0
"Feature98",185,131,208,59,94,0,212,191,62,264,167,99,24,153,137,64,120,17,0,269,193,0,278,86,187,316,0,357,40,0,119,222,288,204,0,276,293,133,0,94,157,0,20,0,224,0,264,271,46,184,0,0,0,251,168,151,128,114,376,0,166,314,276,316,207,21,11,275,153,192,0,54,220,0,40,0,158,0,241,141,239,223,41,16,196,2,49,307,79,0,197,291,0,290,200,245,179,175,301,129
"Feature99_TP",0,234,89,207,222,0,197,0,177,185,241,275,143,191,0,156,252,260,249,0,192,248,262,0,184,231,186,244,0,0,0,0,0,179,0,255,0,88,0,0,190,286,180,199,206,247,0,105,154,167,0,197,122,73,0,160,113,220,0,108,103,0,162,179,235,178,0,174,229,101,301,185,0,0,241,267,159,55,195,170,155,0,127,132,203,221,118,236,143,90,181,203,137,69,248,178,226,221,134,249
"Feature100",0,0,0,0,0,0,50,0,0,0,0,0,0,0,0,0,0,0,0,0,0,0,0,0,0,0,0,0,0,33,0,0,0,0,0,0,0,0,0,0,0,0,0,0,0,0,0,0,0,0,0,0,0,0,38,0,0,0,0,0,0,0,0,0,0,46,0,0,0,0,0,0,0,0,0,0,0,0,0,0,0,0,0,0,0,43,0,57,0,0,0,0,50,0,0,0,0,0,0,0
"Feature101",288,81,313,332,214,217,295,367,364,227,21,129,163,139,166,155,98,82,105,370,336,200,257,166,0,0,383,15,174,345,0,0,103,221,298,162,65,324,255,284,309,234,109,106,311,27,0,138,375,0,87,301,442,296,326,221,147,366,0,114,341,332,213,157,94,308,0,155,249,304,322,258,415,336,0,57,131,56,349,90,266,53,230,284,82,82,440,268,88,211,72,155,288,306,69,340,0,323,368,159
"Feature102_TP",0,71,0,0,83,0,70,124,0,90,0,0,126,0,0,0,0,0,65,92,0,0,0,0,23,0,0,0,0,0,0,0,0,92,0,0,0,35,138,0,0,0,0,0,0,0,0,0,72,23,0,0,0,62,0,0,51,87,0,0,0,0,0,0,0,0,0,0,0,0,0,0,0,0,145,0,0,28,77,0,0,0,0,0,0,116,0,88,0,0,0,0,0,0,0,0,0,97,0,0
"Feature103",0,93,120,0,0,0,0,0,0,0,0,138,0,0,0,85,0,94,0,0,0,0,120,88,0,116,48,0,0,0,0,0,0,0,27,0,0,0,0,0,0,0,154,65,0,60,0,0,0,0,133,0,0,94,142,0,0,0,0,0,0,0,0,0,0,135,0,0,0,51,0,51,0,0,0,45,0,0,0,0,0,0,0,0,0,131,0,0,0,0,0,0,0,0,0,0,0,0,146,76
"Feature104",0,0,0,0,0,0,0,0,0,0,0,0,0,0,0,0,0,0,0,0,0,0,0,0,0,0,0,0,0,0,0,0,0,0,0,0,0,0,0,0,0,0,0,0,0,55,0,0,0,0,0,0,0,0,0,0,0,0,0,0,0,0,0,0,0,0,0,0,0,0,0,0,0,0,0,0,0,0,0,0,0,0,0,0,0,0,0,0,0,0,0,0,0,0,0,0,0,0,0,0
"Feature105",0,0,130,38,0,159,44,0,0,80,0,118,155,0,0,0,0,0,0,0,0,0,0,0,0,0,0,0,37,0,38,70,57,0,0,61,88,0,11,0,0,81,0,78,74,24,0,96,217,0,0,0,0,0,0,0,212,0,0,0,0,0,0,0,58,0,0,0,0,0,0,64,0,0,81,186,7,64,0,62,0,100,0,0,0,105,0,0,0,0,0,0,0,0,195,117,0,0,192,48
"Feature106",0,0,0,0,89,0,0,0,164,106,0,0,124,0,0,0,46,135,0,0,0,0,68,0,0,0,0,0,0,0,75,0,0,0,0,0,0,0,17,0,0,25,87,115,41,0,0,33,16,0,182,0,0,0,0,31,108,0,19,42,74,0,0,0,90,97,0,0,165,0,0,22,0,0,197,149,111,0,137,48,37,10,0,175,0,0,0,101,172,39,37,78,109,137,0,78,113,70,144,0
"Feature107",0,0,0,41,0,0,0,0,0,0,0,0,0,0,0,0,0,0,0,0,0,0,0,0,0,0,0,0,0,0,0,0,22,0,0,0,0,0,0,0,0,0,0,0,0,0,0,0,0,0,0,0,0,0,0,0,0,0,0,0,0,21,0,0,0,0,0,0,0,0,0,0,0,0,0,0,0,0,0,0,0,0,0,0,0,0,0,0,0,0,0,0,0,0,0,0,0,0,0,0
"Feature108",0,0,0,0,122,89,0,0,0,0,0,0,133,0,0,0,0,0,22,161,0,0,0,37,0,0,66,0,0,0,0,0,101,0,25,0,0,0,0,0,160,0,129,0,0,0,135,117,0,0,152,0,0,0,161,37,0,0,0,80,0,0,0,0,46,0,0,117,0,0,0,132,97,0,0,37,0,0,0,0,0,0,56,0,26,168,0,58,0,78,92,0,0,0,0,134,0,0,0,130
"Feature109_TP",0,88,0,0,103,0,127,0,0,0,128,159,0,0,0,75,0,0,100,0,58,116,142,32,0,0,67,170,89,0,130,88,0,0,0,0,0,0,0,47,0,98,0,0,78,0,0,0,0,0,0,0,79,0,0,0,0,0,120,0,0,0,48,0,0,0,0,0,0,97,97,0,0,99,133,0,54,0,0,0,0,0,61,113,0,153,0,0,28,0,112,0,0,0,154,0,108,0,131,156
"Feature110",0,0,0,0,0,0,0,0,0,0,0,0,0,0,0,0,0,0,0,0,0,0,0,0,0,0,43,125,0,0,0,0,0,30,0,0,79,0,0,0,0,0,70,0,0,0,0,0,0,0,0,0,0,0,0,65,0,0,0,0,0,85,25,0,0,0,104,0,0,0,0,0,0,0,0,0,0,0,47,91,0,0,0,40,0,0,85,0,0,0,0,0,0,80,0,0,0,0,44,0
"Feature111",0,0,0,6,71,115,0,0,20,0,0,0,0,0,0,0,0,0,0,0,0,0,0,0,0,0,0,0,0,37,0,0,0,0,0,0,0,0,0,0,65,0,0,77,0,0,78,0,0,42,0,0,0,0,0,71,0,0,36,0,0,0,0,0,0,0,0,0,0,0,0,0,0,0,0,0,0,0,0,0,0,0,0,0,0,0,0,0,0,0,0,0,0,0,0,78,0,0,0,0
"Feature112",0,0,0,0,0,0,25,0,0,0,0,77,0,0,0,103,0,0,0,0,0,93,0,0,103,0,35,0,0,0,0,0,34,0,0,8,0,0,0,0,148,0,0,41,0,0,0,0,0,0,0,0,0,0,0,0,0,0,0,72,0,78,40,0,0,0,0,0,0,0,0,0,0,154,0,0,0,0,0,0,0,0,0,0,0,0,0,46,0,0,0,0,0,0,0,0,0,0,0,0
"Feature113",0,0,0,0,0,67,0,0,0,0,0,0,0,0,0,0,0,0,0,0,0,0,0,0,0,0,0,0,0,0,0,0,0,0,0,0,0,0,0,0,0,0,0,0,0,0,0,0,44,44,0,0,0,0,0,48,0,0,0,0,0,0,0,0,0,0,0,0,78,0,0,0,0,0,0,0,0,0,0,0,0,0,0,0,0,0,0,53,0,0,0,0,0,0,0,0,43,0,0,0
"Feature114",0,0,0,0,0,0,67,57,96,0,0,0,0,0,0,0,0,0,0,0,0,0,0,0,0,0,0,0,0,0,0,0,0,0,0,0,0,0,0,0,65,0,0,0,0,0,0,0,0,0,0,0,0,0,50,0,0,0,0,0,0,0,0,0,68,0,0,0,0,66,0,0,0,0,0,0,0,71,0,0,101,0,0,0,0,0,115,101,82,0,0,0,0,0,0,0,0,0,93,0
"Feature115",0,0,0,0,0,0,0,0,0,0,0,0,0,0,0,0,0,0,0,0,0,0,0,0,0,0,0,19,0,0,0,0,0,54,0,0,0,0,0,0,0,0,0,0,0,0,0,0,0,0,0,0,49,0,0,0,0,0,0,0,0,0,0,0,0,0,0,0,0,0,0,0,0,0,0,0,0,0,55,0,0,0,0,0,0,0,0,0,0,0,0,0,0,0,0,0,0,0,0,0
"Feature116_TP",0,0,0,0,107,0,128,0,0,0,0,0,0,120,0,0,84,137,0,80,0,128,0,0,37,0,53,0,0,0,0,0,0,116,0,100,0,0,0,49,0,0,99,0,135,0,0,0,0,0,104,78,0,0,0,152,42,0,0,0,34,0,0,0,0,0,0,122,106,0,0,0,0,0,160,106,0,65,0,83,121,0,0,0,0,0,0,0,0,0,0,42,0,0,82,0,0,0,76,0
"Feature117_TP",0,0,70,0,0,0,0,147,0,0,0,0,88,125,181,50,105,152,127,128,38,111,169,96,117,161,48,0,30,0,0,0,93,153,0,0,72,120,109,0,0,0,0,0,173,0,0,0,0,0,0,64,111,122,64,0,111,0,0,94,80,0,0,133,142,0,0,0,0,72,137,0,0,94,0,102,0,0,155,0,0,0,0,0,165,0,0,0,36,88,0,99,111,107,0,0,87,152,143,0
"Feature118",55,0,0,0,0,0,0,0,0,0,0,0,0,0,0,0,0,0,0,0,0,50,0,0,0,0,0,0,50,0,0,0,0,0,0,0,0,0,0,0,0,0,0,0,0,0,0,0,0,0,0,0,0,0,0,0,0,0,0,0,0,0,0,0,0,0,0,0,0,0,0,0,0,0,0,0,0,0,0,0,0,0,0,0,0,0,0,0,0,0,0,0,0,0,0,0,0,0,0,0
"Feature119",0,209,0,88,149,0,0,148,33,0,0,83,57,0,96,0,0,0,0,0,0,0,116,36,0,12,77,0,80,0,0,80,133,0,0,114,52,0,0,0,0,0,34,165,0,0,39,0,134,81,73,179,0,0,0,0,0,0,0,0,0,79,51,0,0,150,0,8,0,0,83,92,0,0,0,0,149,0,0,0,114,105,90,123,0,0,13,0,49,0,0,0,11,0,0,116,0,0,0,109
"Feature120_TP",62,153,0,218,200,0,0,179,0,48,111,122,0,178,140,46,181,0,119,187,161,0,0,143,0,145,83,132,31,0,211,55,0,0,0,152,62,0,0,72,94,153,127,0,172,176,0,141,0,60,109,37,0,0,85,203,150,181,0,0,0,62,45,209,0,128,141,0,0,96,121,0,213,81,143,151,0,83,0,93,150,236,109,0,0,0,0,0,52,57,0,45,64,0,0,86,186,0,123,0
"Feature121",0,0,0,0,0,0,0,0,0,0,0,0,0,0,0,11,0,0,128,0,0,0,0,0,0,0,0,0,0,0,0,0,0,0,0,0,0,0,0,0,0,0,0,0,91,0,0,0,0,0,114,0,0,0,0,105,0,0,0,101,0,0,0,0,0,87,0,0,0,0,80,0,0,0,0,0,0,0,0,0,0,0,0,0,0,54,0,0,0,0,0,0,0,0,92,0,0,0,0,0
"Feature122",10,0,91,0,0,0,113,0,0,0,0,41,0,0,0,90,0,0,75,0,0,0,27,0,0,0,0,0,13,0,140,0,0,107,0,120,130,0,0,0,0,0,0,80,0,0,0,140,0,0,32,0,0,0,0,103,0,0,0,0,0,91,0,23,0,4,0,0,0,0,0,0,0,0,0,0,0,99,0,80,0,0,85,0,107,0,0,0,0,0,0,50,0,0,0,119,56,0,0,0
"Feature123",0,0,0,0,0,0,0,0,0,0,0,0,0,0,0,0,0,0,0,0,0,0,0,0,0,0,0,0,0,0,0,75,0,0,0,0,0,0,12,0,0,0,0,0,0,0,0,0,0,0,0,0,0,0,0,0,0,0,0,0,0,0,0,0,0,0,0,0,0,0,0,0,0,0,0,0,0,0,0,0,0,0,0,0,0,0,0,0,0,0,0,0,0,0,0,0,0,0,0,0
"Feature124",0,0,0,0,0,0,0,0,0,0,0,0,0,0,0,0,0,0,112,0,0,0,0,44,0,0,0,0,0,11,0,0,0,0,0,0,99,0,0,0,0,36,0,0,0,0,0,0,0,0,68,0,0,0,95,0,0,0,0,0,0,0,26,0,0,0,0,0,0,52,0,0,0,0,0,0,0,0,0,0,0,61,108,0,0,0,0,0,0,0,0,0,0,43,0,0,0,0,0,0
"Feature125",0,0,79,0,0,125,127,192,194,0,0,180,0,0,260,0,0,174,151,0,0,124,0,18,0,0,48,82,105,56,8,51,0,157,87,0,227,67,158,0,146,80,56,296,32,239,116,90,0,0,0,193,0,0,0,161,10,126,0,193,0,136,63,0,35,0,178,0,0,0,44,61,119,0,0,0,70,137,0,150,0,0,0,0,0,0,247,0,0,0,141,0,176,211,0,150,41,4,182,0
"Feature126",0,0,0,0,23,0,0,0,0,0,0,0,0,0,0,0,0,0,0,0,0,0,0,0,0,0,114,0,0,0,0,0,0,0,0,0,0,0,0,0,0,0,0,0,0,0,0,0,0,0,0,0,0,0,0,0,0,0,0,0,0,0,0,0,0,0,0,0,0,0,52,0,0,0,0,0,0,0,0,0,0,0,0,0,0,0,0,0,0,0,0,0,0,59,0,87,70,0,0,0
"Feature127",0,0,117,180,0,0,105,0,0,0,0,77,0,0,0,42,0,29,154,0,105,0,94,0,0,208,88,0,0,0,87,0,0,0,0,116,174,0,70,0,0,0,138,0,0,0,0,0,0,0,72,0,0,27,41,0,124,82,0,96,220,50,50,0,88,34,0,120,0,0,0,0,0,0,0,187,0,0,104,0,0,0,0,146,60,0,98,0,142,0,0,69,189,0,196,115,0,0,133,52
"Feature128",0,0,91,0,0,0,99,18,0,0,0,0,113,0,95,0,0,0,0,0,0,0,0,0,0,105,0,0,90,73,27,0,0,75,142,0,0,89,0,112,0,0,0,0,0,0,0,0,0,18,0,0,0,108,0,0,0,0,0,0,0,0,0,0,163,0,0,0,0,0,0,0,0,0,0,0,122,0,0,0,0,0,143,0,0,0,0,0,0,0,0,154,0,0,44,0,0,0,0,0
"Feature129_TP",74,83,0,0,0,42,0,0,0,0,0,0,0,172,135,0,0,0,0,0,0,0,0,0,0,140,0,143,0,0,127,117,118,0,0,0,46,0,170,0,0,0,0,0,91,166,99,0,0,0,0,0,0,0,0,0,0,0,0,91,112,0,0,0,0,0,108,0,177,0,128,0,144,0,0,0,58,0,0,0,0,147,0,0,151,0,0,0,69,0,138,0,0,0,0,0,0,0,137,0
"Feature130",0,0,0,57,0,0,0,0,0,0,0,0,0,0,0,0,0,67,0,0,0,0,0,0,0,0,0,0,0,0,0,0,0,0,0,0,0,0,0,0,0,0,0,0,0,0,0,0,0,0,0,0,0,0,0,0,0,0,0,0,0,0,0,0,0,0,0,0,0,0,0,0,0,0,0,0,0,0,0,0,0,0,0,0,0,0,0,0,0,0,0,0,0,0,0,0,0,0,55,0
"Feature131",295,0,325,279,276,317,134,0,20,239,0,50,107,343,234,65,0,326,26,120,341,90,242,193,175,238,0,0,61,155,305,378,180,96,299,0,16,319,0,174,0,201,75,79,0,0,181,138,284,194,230,56,122,0,260,51,196,278,292,0,86,0,218,218,40,161,54,76,0,136,0,299,30,134,257,88,121,171,146,154,48,99,291,269,0,11,163,102,0,297,327,166,210,128,21,226,118,345,211,0
"Feature132_TP",0,0,0,0,123,0,0,74,0,0,0,0,122,0,102,0,0,0,0,102,0,0,0,0,0,0,0,118,85,0,0,0,0,0,55,0,0,0,0,43,0,135,98,0,102,0,74,0,0,0,0,80,0,0,0,0,0,0,0,0,56,0,0,0,0,0,0,0,0,0,121,0,116,0,0,117,0,0,0,0,0,0,0,0,0,0,89,117,0,0,0,111,0,0,142,0,0,0,0,0
"Feature133",0,48,0,0,0,0,0,0,0,0,0,0,0,0,0,0,0,0,0,66,0,0,0,0,0,0,0,0,0,0,0,0,0,0,0,0,0,0,0,0,0,0,0,0,0,0,0,0,0,0,0,0,0,0,0,0,0,0,0,0,0,0,0,0,0,0,0,0,0,0,22,0,0,0,0,0,0,0,0,0,0,0,0,0,0,0,0,0,0,0,0,0,0,0,0,0,0,0,70,0
"Feature134",0,0,0,0,0,0,0,0,0,0,0,0,0,0,0,0,0,20,0,0,0,0,0,0,0,0,0,0,0,0,42,0,0,0,0,59,0,0,0,0,0,0,0,0,0,0,0,0,0,0,0,0,0,0,0,0,0,0,0,0,0,0,0,0,33,95,0,0,0,0,0,0,0,0,0,0,0,0,0,0,0,134,0,0,0,0,0,0,0,60,0,0,0,0,0,0,0,0,0,0
"Feature135",86,83,0,19,0,176,39,110,0,0,224,0,136,0,0,79,35,96,177,0,0,149,162,67,0,0,0,66,0,0,94,26,58,87,0,187,0,42,185,0,52,0,80,41,184,0,0,141,122,177,0,89,58,0,52,0,83,0,0,0,57,132,128,224,0,117,0,168,0,124,0,0,0,0,0,0,128,14,0,0,162,0,55,191,149,209,134,152,0,212,42,0,0,0,141,168,0,213,0,94
"Feature136",0,0,0,0,0,0,0,0,0,0,24,0,0,0,0,0,0,31,0,0,0,0,0,0,0,0,0,0,0,0,0,121,0,0,34,0,0,0,0,0,0,0,55,0,0,0,0,0,0,0,0,0,0,0,0,0,0,79,0,58,0,0,0,0,0,0,0,0,0,0,0,63,0,100,0,0,0,0,31,0,0,0,0,0,0,0,0,0,0,0,0,0,0,0,0,0,0,0,0,0
"Feature137",0,0,0,0,0,0,0,0,0,0,0,0,0,0,0,0,0,0,0,0,0,0,0,0,0,0,0,16,27,0,0,0,0,0,0,0,0,0,0,0,0,0,0,0,0,0,0,0,116,0,0,0,0,0,132,0,82,0,0,0,91,54,0,0,25,0,0,40,0,0,0,0,0,0,0,0,0,0,0,0,0,0,0,0,0,0,0,0,38,0,0,0,0,0,0,0,0,0,0,0
"Feature138",0,0,0,80,69,0,0,0,0,0,0,0,0,0,55,0,0,0,0,0,0,0,0,0,0,0,0,0,0,0,0,0,0,0,0,0,0,0,0,0,0,0,0,0,0,0,0,0,0,0,0,0,0,0,0,0,0,0,0,38,0,0,0,0,0,0,0,0,43,0,0,0,0,0,0,0,0,0,0,0,0,0,0,0,0,0,0,0,0,88,0,0,0,0,0,0,25,0,0,0
"Feature139",0,0,0,87,0,0,20,0,0,0,138,62,0,0,0,82,0,0,0,0,0,0,0,127,0,0,0,0,0,52,0,82,0,0,65,0,76,0,0,73,0,0,68,0,0,0,118,0,0,94,0,0,0,0,0,0,0,0,0,0,0,0,42,0,0,16,0,0,0,0,0,0,0,0,42,0,0,0,53,0,0,0,0,131,77,0,0,0,0,61,123,140,56,0,155,0,0,0,0,0
"Feature140",107,0,78,21,77,0,218,0,191,226,0,173,0,101,239,89,156,165,123,41,187,211,6,0,0,150,72,123,0,129,106,0,188,65,0,228,89,0,69,158,226,128,153,0,0,248,0,0,0,0,59,137,0,0,115,0,143,0,0,48,0,160,0,160,0,0,64,26,0,136,287,103,0,108,53,0,118,176,187,0,129,213,0,0,0,26,253,210,211,135,167,107,0,0,232,184,0,159,9,0
"Feature141",0,0,16,0,0,70,0,33,0,0,0,0,130,0,0,0,13,0,0,0,0,0,0,0,0,0,0,17,0,0,0,0,0,89,0,73,47,0,0,0,0,0,0,0,0,0,0,0,141,0,28,0,0,0,0,0,0,0,33,0,0,0,0,0,0,0,0,0,72,0,78,0,0,0,184,73,0,33,0,165,0,0,0,0,0,0,72,34,0,80,0,15,56,89,0,0,0,0,115,0
"Feature142",0,0,0,0,0,0,0,0,0,0,0,0,0,0,0,0,22,0,0,0,0,0,0,0,0,0,0,0,0,0,0,0,0,55,0,14,0,0,0,0,0,0,0,0,0,0,0,33,0,0,0,0,0,0,0,0,0,0,0,0,0,0,0,31,0,0,0,0,0,45,0,0,0,0,0,0,0,0,0,0,0,0,0,102,0,0,0,0,0,0,0,0,0,0,0,0,0,0,0,0
"Feature143",181,298,97,178,0,242,0,171,258,61,0,0,0,265,0,0,323,236,160,249,319,33,125,94,0,304,0,0,117,108,147,40,0,75,107,55,0,296,243,127,0,0,0,0,0,286,324,0,175,156,0,91,0,0,324,0,0,321,0,12,0,179,160,314,94,235,354,179,0,170,111,63,314,84,0,243,123,227,0,146,350,87,276,320,266,0,127,0,247,243,0,88,59,253,116,65,280,0,0,119
"Feature144",0,0,0,0,0,0,90,0,0,0,0,0,0,0,0,33,0,128,0,0,120,0,0,46,0,0,0,0,0,92,0,0,118,0,0,0,0,0,0,0,0,68,136,0,113,0,35,0,0,0,0,0,0,0,37,0,0,0,0,0,0,0,0,0,0,0,0,0,0,0,0,0,0,91,19,0,68,0,0,0,91,0,0,0,0,0,0,0,0,0,0,0,0,0,0,0,89,14,35,37
"Feature145",0,0,0,0,0,0,0,0,0,0,0,0,0,0,0,0,0,0,0,0,0,0,0,0,0,0,0,0,0,0,0,0,0,0,0,0,0,0,0,0,0,0,0,0,0,0,0,0,0,0,0,0,0,0,0,0,0,0,0,0,0,0,0,0,0,0,0,0,0,0,0,0,0,0,0,0,0,0,0,0,0,0,0,0,0,0,0,0,0,0,0,0,0,0,0,0,0,0,0,0
"Feature146",0,0,0,0,0,0,0,0,0,0,0,0,0,0,0,0,0,0,105,0,0,0,137,103,0,71,93,0,0,0,0,0,0,0,64,0,0,0,108,0,0,0,0,0,0,79,0,0,19,0,0,0,0,0,114,16,0,0,0,54,0,0,80,0,0,123,0,0,0,43,0,0,0,0,0,0,30,94,0,35,62,0,0,0,0,92,80,0,0,0,0,131,0,0,0,0,0,42,0,0
"Feature147_TP",51,0,0,145,0,0,0,0,0,0,0,0,139,82,149,29,0,0,123,127,0,0,111,45,0,0,101,0,79,0,108,46,140,0,32,139,53,95,0,0,88,0,51,26,0,99,0,0,0,0,0,0,0,0,0,0,0,145,0,0,0,0,71,74,0,0,0,0,0,82,0,117,0,0,0,0,41,0,131,0,119,0,97,0,0,0,0,0,0,0,0,0,104,0,128,0,0,83,0,119
"Feature148_TP",0,0,0,0,128,0,0,130,0,0,0,158,0,87,0,87,152,0,0,122,79,0,150,91,0,0,83,0,0,0,0,0,0,86,0,125,105,99,0,0,0,103,93,0,0,139,0,0,0,0,0,0,0,0,0,161,42,0,109,44,0,0,0,0,0,97,93,113,0,0,0,0,0,0,0,0,0,0,128,0,0,93,96,106,0,106,0,0,0,0,0,0,0,0,0,59,0,141,0,0
"Feature149",0,0,223,15,0,0,21,0,101,0,113,0,226,89,0,199,278,0,0,0,0,32,124,0,0,164,0,27,35,232,0,132,0,171,0,0,0,0,163,259,93,207,122,0,0,130,268,197,0,0,22,0,0,164,138,109,0,224,145,110,102,0,0,0,211,30,0,48,0,0,116,0,73,0,0,208,185,0,43,98,84,0,152,116,0,167,0,248,0,110,0,97,0,193,139,0,0,124,0,0
"Feature150",95,0,0,0,0,0,0,0,0,0,0,0,0,0,0,0,0,0,0,0,0,0,71,0,0,0,0,0,0,0,0,0,0,0,0,0,0,0,0,0,22,0,88,0,0,0,0,0,0,0,0,0,0,0,0,0,0,0,0,0,0,87,0,0,0,0,0,0,0,0,0,0,0,0,84,0,0,0,0,0,0,0,0,0,0,0,0,48,0,0,0,0,0,0,0,0,94,0,62,0
"Feature151_TP",0,0,0,0,0,0,0,0,0,0,154,0,0,92,0,0,0,112,110,0,0,0,0,0,0,0,85,132,0,0,0,0,0,89,0,0,0,90,0,0,0,0,83,0,97,0,101,0,0,0,92,0,0,0,0,0,86,0,0,62,106,35,0,0,0,0,106,92,0,0,0,141,118,68,0,0,0,54,0,0,147,0,0,0,0,102,0,0,0,0,162,0,0,0,0,0,91,0,0,0
"Feature152",0,0,0,0,0,0,0,0,0,0,0,0,0,0,0,0,0,0,0,0,0,0,86,0,0,0,0,0,0,0,0,70,0,0,88,0,0,0,0,0,0,0,0,82,0,0,0,0,0,0,0,80,0,0,0,0,0,0,0,0,0,0,0,0,0,0,0,0,0,0,0,0,0,34,0,0,0,0,59,0,0,0,0,0,0,0,0,0,0,0,0,0,0,0,0,0,0,0,0,0
"Feature153",42,0,84,0,130,0,0,0,65,0,0,0,0,0,0,0,0,0,0,62,0,0,0,0,0,17,0,0,0,0,0,0,0,0,0,0,122,0,0,0,0,0,0,0,0,0,0,104,0,0,24,107,0,111,0,0,0,0,0,0,0,0,0,0,0,0,162,0,0,34,0,0,0,0,0,86,0,0,0,0,0,20,0,0,0,37,0,0,0,0,0,0,0,0,20,40,0,0,0,0
"Feature154_TP",90,98,0,0,0,0,0,100,0,31,0,0,85,0,110,0,0,122,0,0,0,0,0,0,0,0,0,0,0,50,0,0,0,0,0,0,0,0,0,0,0,0,0,0,0,0,0,0,0,0,0,0,0,0,0,0,0,144,0,78,0,0,0,0,0,0,0,0,148,81,0,0,0,0,0,0,29,0,0,0,121,0,0,0,0,115,0,0,63,77,0,0,0,0,0,84,142,0,0,0
"Feature155",0,0,0,0,0,0,0,51,0,0,0,0,0,0,111,0,0,0,0,0,0,0,0,0,0,0,0,0,20,0,0,13,0,0,0,0,0,0,0,0,0,0,0,85,0,0,0,0,0,0,0,0,0,0,0,0,70,0,0,0,0,0,0,0,0,0,0,0,0,0,0,0,0,0,0,0,0,0,0,0,0,0,0,0,0,0,0,0,0,0,0,0,0,0,0,65,0,0,0,0
"Feature156_TP",86,0,0,116,0,87,0,122,0,63,0,0,0,0,0,0,149,0,120,0,53,0,122,0,51,96,0,0,0,0,98,0,0,0,0,0,114,78,0,0,0,0,0,124,0,130,0,64,0,0,65,122,0,84,45,0,38,0,94,0,0,0,39,167,0,0,119,0,134,74,0,0,0,0,0,0,22,50,0,0,0,0,0,0,0,0,0,0,77,0,0,0,0,0,0,45,112,0,0,110
"Feature157",63,16,75,29,71,222,83,0,203,0,156,0,0,0,189,0,0,174,106,0,181,55,0,0,0,0,0,0,0,110,49,168,16,98,0,0,155,32,0,52,96,76,166,0,113,0,0,162,0,0,215,0,202,0,132,5,183,135,0,187,22,174,155,7,246,45,88,0,0,0,115,196,121,0,0,89,0,36,84,0,0,0,0,0,113,0,0,0,105,0,73,216,0,0,172,98,21,0,0,0
"Feature158_TP",0,0,0,0,76,41,0,0,0,0,0,0,0,0,0,0,0,0,0,0,95,109,0,0,0,121,0,0,83,81,0,0,0,0,0,132,0,0,0,0,0,89,0,89,85,0,0,0,0,0,0,0,55,0,0,0,25,0,0,53,0,0,0,0,0,36,0,0,0,0,0,0,80,0,80,93,0,0,0,79,0,0,0,0,92,135,0,0,0,0,0,93,0,0,0,0,0,95,0,0
"Feature159",0,0,0,0,0,66,0,0,0,0,0,0,0,0,0,0,0,0,0,0,0,0,0,0,0,0,74,0,0,0,0,0,0,0,0,0,39,0,0,0,108,0,0,0,0,0,0,0,0,0,0,0,0,0,0,0,0,0,0,0,0,0,0,114,0,0,16,0,0,0,0,0,0,57,0,0,0,0,0,0,0,0,0,0,0,0,0,0,0,0,0,106,0,0,0,0,0,0,0,0
"Feature160",0,0,20,0,103,108,0,19,0,0,49,0,0,70,0,0,0,56,0,0,0,0,0,0,169,91,0,0,49,0,0,35,0,29,0,0,0,0,31,0,0,0,0,46,0,0,0,0,148,0,0,0,0,0,0,0,0,0,0,0,0,0,0,0,0,0,0,0,160,0,0,0,0,0,0,0,112,0,0,0,0,0,0,58,118,114,0,117,0,0,0,0,0,22,0,0,0,0,0,0
"Feature161",0,0,0,0,0,0,0,0,0,0,0,89,77,0,34,0,0,0,0,0,0,0,0,0,0,0,0,0,0,0,74,0,0,0,0,0,0,0,0,0,0,0,34,0,0,0,0,0,0,0,0,110,0,0,0,0,0,0,0,0,0,0,0,0,49,0,0,0,56,34,0,0,0,0,0,0,0,0,0,0,0,0,0,23,0,0,116,0,90,0,0,45,0,0,0,0,86,0,0,0
"Feature162",0,0,151,0,54,159,0,155,10,0,0,0,0,132,0,158,0,0,37,0,0,0,0,0,115,0,0,0,0,131,110,0,150,0,0,0,0,111,0,25,0,0,51,0,0,127,187,0,145,222,0,0,142,0,0,0,0,0,0,101,49,32,0,0,0,0,0,0,194,145,120,0,0,195,120,0,90,0,0,0,32,0,0,0,50,0,0,0,84,0,0,0,0,22,0,0,72,37,0,138
"Feature163",0,0,24,0,0,0,0,0,0,0,0,0,0,0,0,0,0,0,0,0,0,0,0,0,0,0,0,0,0,0,0,0,0,0,0,0,0,0,0,0,0,0,0,0,0,0,0,0,0,0,0,0,0,0,0,0,0,0,0,0,0,0,0,0,0,0,35,0,0,0,0,0,0,0,0,0,0,0,0,0,0,0,0,0,0,0,0,0,0,0,0,0,0,0,0,0,0,0,0,0
"Feature164",0,0,0,0,0,0,0,0,0,0,0,0,0,0,0,0,0,0,0,0,0,0,78,0,29,0,0,0,0,0,0,0,0,0,0,0,52,0,0,0,0,0,0,0,0,48,0,0,0,0,0,0,0,0,0,0,0,0,0,0,0,0,0,0,0,0,0,0,0,0,0,0,24,0,0,0,0,0,0,56,0,0,0,0,0,0,0,0,0,64,0,0,0,0,0,0,0,0,0,0
"Feature165",0,0,95,0,91,0,0,0,0,0,0,0,0,0,0,0,0,0,0,0,0,0,0,0,0,0,0,0,0,0,0,0,0,0,0,0,0,0,0,0,0,0,0,0,0,0,0,68,0,0,0,0,0,0,0,0,0,0,0,0,0,0,0,0,0,0,0,0,0,0,0,0,0,0,0,0,0,59,36,0,0,0,0,0,0,0,0,12,0,0,0,0,0,0,0,0,0,0,0,0
"Feature166",0,0,0,0,0,0,0,0,0,57,0,93,0,102,0,0,0,0,0,0,0,0,52,0,0,0,0,157,0,0,0,0,0,0,0,0,24,0,0,0,63,0,0,0,0,0,39,0,0,0,0,0,0,0,0,0,0,0,0,0,0,0,49,0,0,0,0,0,0,0,0,0,0,0,0,0,0,0,0,82,33,0,0,0,0,0,0,0,0,0,0,0,0,0,105,0,0,0,134,0
"Feature167",84,0,0,0,0,0,0,0,0,0,0,0,0,0,0,0,0,117,0,124,0,0,0,0,0,50,0,0,0,0,0,0,0,0,0,0,0,0,0,0,0,0,0,0,0,0,0,0,0,0,0,0,0,0,0,0,0,113,43,0,0,0,0,0,0,53,0,0,0,0,0,0,0,108,0,0,104,0,0,0,56,0,0,0,0,0,70,133,0,0,0,0,0,0,0,0,0,57,0,98
"Feature168",0,0,0,0,0,0,0,0,0,0,0,0,22,0,0,0,0,0,0,0,0,0,0,0,0,0,0,0,0,0,0,0,0,0,0,0,0,0,0,0,0,0,0,0,0,0,0,0,0,0,0,0,0,0,0,0,0,0,0,0,0,0,0,0,0,0,0,0,14,0,0,0,0,0,0,0,0,0,0,0,0,0,0,0,0,0,0,0,0,0,0,0,0,0,0,0,0,0,0,0
"Feature169",0,0,0,0,0,0,0,0,0,0,0,0,0,0,0,0,0,0,0,0,0,0,0,0,0,0,0,0,0,0,0,0,0,0,0,0,0,0,0,0,0,0,0,0,0,0,0,0,0,0,0,0,0,0,0,0,0,0,0,0,0,0,0,0,0,0,0,0,0,0,0,0,0,0,0,0,0,0,0,0,0,0,55,0,0,0,0,15,0,0,0,0,0,0,0,0,0,0,0,0
"Feature170",65,0,0,0,49,0,0,105,0,56,0,0,64,0,0,25,0,0,0,0,0,0,0,0,38,0,0,0,0,0,0,0,112,0,100,0,0,0,27,0,0,0,19,0,13,0,0,0,0,0,0,0,0,0,0,104,0,0,0,0,0,122,0,0,0,0,0,37,0,86,0,34,0,0,0,0,91,0,0,77,0,40,0,0,42,0,0,0,0,51,37,109,0,0,0,0,0,0,0,0
"Feature171",35,62,0,0,0,168,0,0,0,143,108,0,0,0,29,0,175,0,119,21,0,19,68,37,0,0,0,0,77,87,0,0,0,0,128,0,0,53,0,0,0,104,0,0,16,0,0,0,0,148,0,0,0,178,0,0,0,0,155,0,181,61,148,0,202,0,144,156,43,108,0,0,0,0,0,0,0,130,0,0,48,0,0,0,0,147,128,60,108,0,0,0,0,135,145,0,0,0,0,0
"Feature172",0,0,0,107,82,0,0,74,65,109,0,0,51,241,198,0,140,0,200,79,0,0,61,0,81,0,162,111,224,65,19,95,46,48,23,149,0,0,208,141,0,222,0,2,0,224,99,0,0,0,0,209,0,205,0,171,0,113,187,190,168,207,0,158,0,0,139,0,0,0,53,141,0,0,200,0,3,223,0,0,0,247,221,185,193,0,0,9,0,127,267,0,250,0,0,0,199,228,56,247
"Feature173",0,0,0,0,0,0,0,0,0,0,0,0,0,0,0,0,0,0,0,0,0,0,0,0,0,0,0,0,0,0,0,0,0,0,0,0,0,0,0,0,0,0,0,0,0,0,0,0,0,0,0,0,0,0,44,0,0,0,0,0,0,0,0,0,0,0,0,0,0,0,0,0,0,0,0,50,0,0,0,0,0,0,0,0,0,0,0,0,0,0,0,0,0,0,0,0,0,0,0,0
"Feature174_TP",0,0,0,0,82,0,0,0,103,93,121,74,0,0,111,0,159,0,0,0,0,0,0,20,83,0,0,0,0,0,76,0,0,0,0,0,0,103,0,0,54,0,0,0,0,0,0,0,0,0,0,0,0,0,0,81,0,0,0,0,0,0,0,0,0,0,33,109,0,0,89,0,97,0,0,124,71,0,0,0,164,112,0,0,0,95,0,98,0,0,0,58,87,0,0,0,0,129,0,99
"Feature175",39,0,0,0,0,0,0,0,0,0,0,0,0,0,0,0,0,0,0,0,0,0,0,0,0,0,0,0,0,0,17,0,0,0,0,0,0,0,0,0,0,0,0,0,0,0,0,0,0,0,0,0,0,0,0,0,0,0,0,0,0,0,0,0,0,0,0,0,0,0,0,0,0,0,0,0,0,0,0,0,0,0,0,0,0,0,0,0,0,0,0,0,0,0,0,0,0,0,0,0
"Feature176_TP",0,94,92,148,0,0,0,0,146,0,0,0,0,0,135,0,0,0,0,131,0,176,155,135,0,116,0,170,28,119,150,98,0,136,0,0,0,0,92,0,84,127,71,64,0,0,111,133,0,37,0,0,0,0,0,0,39,0,0,99,0,0,48,0,154,0,88,0,0,61,137,171,118,0,0,140,95,80,0,0,0,0,66,62,141,147,55,97,48,0,0,40,104,77,96,0,0,143,146,0
"Feature177",137,69,134,0,163,9,55,207,0,12,0,0,176,151,0,0,0,89,0,93,0,120,0,0,0,194,38,0,177,44,0,0,38,0,158,0,46,59,0,79,113,14,0,120,0,0,80,69,0,0,0,131,0,172,111,114,0,41,0,57,0,0,0,198,0,0,19,0,0,0,41,0,127,0,103,0,148,167,171,249,97,235,178,0,0,161,88,0,93,21,0,54,82,0,0,167,0,56,0,0
"Feature178",84,0,0,0,0,0,0,0,49,91,0,26,0,0,0,0,0,0,0,0,0,0,47,0,0,0,0,0,0,0,0,0,39,0,0,42,0,0,0,0,0,0,0,0,55,0,0,0,0,0,0,0,111,0,0,0,0,0,0,0,0,0,0,0,0,0,21,0,0,0,0,0,0,0,0,0,0,0,0,0,0,0,0,0,0,0,0,0,0,0,0,0,0,0,0,0,8,0,0,0
"Feature179",0,0,0,0,83,0,0,0,0,0,0,0,0,0,0,0,99,0,0,0,0,0,0,0,34,0,0,0,0,0,0,0,0,0,0,67,0,113,0,0,0,0,0,0,0,0,0,88,120,0,0,0,0,0,0,0,0,54,0,0,0,0,0,0,0,0,0,0,0,0,0,0,0,0,0,0,0,78,0,0,0,0,0,0,0,0,0,0,0,36,0,0,73,0,0,0,0,0,0,0
"Feature180",47,0,0,0,71,0,134,0,0,175,110,0,126,0,177,30,184,0,111,0,0,0,72,151,0,0,193,0,55,147,0,103,0,158,0,21,0,0,176,181,66,0,0,141,0,0,0,139,0,0,0,74,0,0,0,143,0,0,0,0,62,118,150,24,251,0,64,0,35,0,86,155,142,81,188,89,96,166,166,0,0,0,68,86,92,0,0,73,0,0,0,0,0,221,90,185,0,0,0,0
"Feature181",0,0,0,0,0,0,0,0,0,0,0,0,0,0,0,0,0,42,0,0,0,0,0,0,0,0,0,0,0,0,0,0,0,0,0,0,15,0,0,0,0,0,0,0,0,0,0,0,0,0,0,0,0,0,0,0,0,0,0,0,0,0,0,0,0,0,0,0,0,0,0,0,0,0,0,0,25,0,0,0,0,0,0,0,0,0,0,0,0,0,0,95,0,0,0,0,0,0,0,0
"Feature182",0,124,23,0,0,0,0,0,161,0,185,0,0,0,137,89,0,0,0,0,144,0,49,0,170,0,0,0,0,53,23,44,110,0,157,66,162,0,0,60,75,0,106,192,0,82,0,0,0,78,0,78,205,0,0,0,0,0,0,94,0,78,0,0,0,0,0,0,0,0,0,0,0,0,58,0,39,0,0,0,40,91,0,157,0,0,0,56,0,0,20,158,42,0,0,0,0,42,0,200
"Feature183",0,139,0,0,38,0,87,80,0,180,102,80,0,130,0,0,0,0,0,72,0,66,111,131,61,0,0,0,34,0,0,0,0,96,0,0,66,142,0,0,48,0,157,0,82,0,0,0,0,0,0,0,223,0,0,129,0,0,0,0,0,0,126,97,82,0,0,0,0,0,0,50,0,0,0,0,138,68,0,0,0,0,0,0,108,0,135,86,0,0,156,0,183,0,103,0,0,0,0,0
"Feature184_TP",0,123,0,0,97,23,0,102,0,0,81,0,118,0,115,0,132,0,0,151,0,98,0,0,55,113,0,105,0,0,0,0,0,0,27,0,60,0,0,0,0,0,0,0,121,0,47,0,0,0,0,0,0,95,106,0,0,0,0,53,0,29,0,0,0,106,0,144,0,0,169,0,0,27,0,90,81,28,0,0,0,0,80,50,132,0,82,89,49,0,0,95,0,108,0,0,0,127,0,0
"Feature185_TP",34,0,32,90,0,0,0,0,144,28,0,0,0,0,0,50,0,100,143,0,0,0,150,0,0,0,112,0,0,0,0,0,107,0,102,109,0,0,0,0,0,0,0,110,0,0,50,0,0,0,31,0,0,0,0,0,0,0,136,0,0,104,96,0,0,0,0,0,103,32,174,117,0,81,0,130,0,0,0,0,0,0,0,72,134,0,0,0,49,0,0,0,0,0,0,0,0,123,0,0
"Feature186",43,126,11,193,29,0,0,0,0,27,172,117,228,0,166,0,235,0,132,8,176,215,0,0,163,0,72,308,229,122,59,299,0,185,52,0,0,0,257,0,0,119,184,0,89,207,0,239,0,201,56,213,175,222,74,88,105,116,0,0,245,0,236,91,191,125,155,237,0,0,255,37,194,216,0,118,218,101,0,130,88,96,101,211,0,103,220,0,38,272,0,77,81,249,61,105,164,199,25,104
"Feature187_TP",0,0,0,73,59,0,0,0,0,0,77,67,62,0,0,0,0,0,0,0,0,0,0,0,0,0,0,0,0,0,0,0,0,105,0,0,84,0,0,28,0,0,0,0,0,0,0,0,0,0,0,0,0,0,0,0,0,0,0,0,0,0,20,0,0,0,52,0,119,0,0,110,0,44,0,0,0,0,61,0,0,107,50,0,0,69,0,0,0,34,94,0,0,29,0,0,0,0,0,98
"Feature188_TP",0,0,0,0,84,74,0,0,0,0,0,0,0,98,0,0,0,116,0,0,0,0,72,0,0,0,0,0,0,93,0,0,85,112,71,0,0,0,0,0,0,0,0,0,0,0,0,0,0,0,0,0,0,0,77,96,0,0,0,0,38,0,0,0,0,0,0,100,144,0,0,0,0,0,0,108,0,52,0,0,0,0,0,0,0,0,27,0,68,0,94,0,101,82,140,0,0,0,0,0
"Feature189",0,130,130,0,0,0,0,0,0,0,0,30,0,0,0,77,0,0,0,0,0,0,0,0,0,0,0,0,0,0,0,0,0,0,0,0,0,0,0,0,0,32,0,0,0,0,17,0,0,0,0,67,0,0,74,0,0,0,0,29,0,0,0,0,0,0,0,0,0,0,0,0,0,0,88,0,0,0,0,0,66,0,0,0,0,0,0,0,0,0,0,0,0,27,0,0,0,0,0,0
"Feature190",0,0,0,0,0,0,0,0,0,0,0,0,0,0,0,0,48,0,0,0,0,0,0,0,0,0,0,0,0,0,0,0,0,35,0,0,0,0,0,0,0,0,0,37,0,0,0,0,0,0,64,0,0,0,0,0,0,0,0,0,0,0,0,0,0,6,0,0,0,0,0,0,0,0,0,0,0,0,0,0,0,0,0,0,0,0,0,0,0,0,0,52,0,0,0,0,0,0,0,0
"Feature191",0,0,0,0,0,0,0,106,0,80,0,0,0,0,0,0,0,0,0,0,72,0,0,0,0,0,0,0,0,0,0,0,28,0,0,0,0,52,0,137,0,54,0,0,0,0,0,0,0,0,0,0,151,42,0,44,0,105,0,0,0,0,116,0,0,0,0,0,0,0,0,0,0,0,60,0,0,0,0,0,0,55,0,32,0,0,0,0,0,0,0,0,0,0,0,0,0,56,0,0
"Feature192",0,0,0,0,0,0,0,0,0,0,31,0,0,0,0,0,0,0,0,0,0,0,0,0,0,0,0,0,0,0,0,0,0,0,0,0,0,0,0,0,0,0,0,0,0,0,0,0,0,0,0,0,0,0,0,27,0,0,0,0,0,0,0,0,49,0,0,0,0,0,0,0,0,0,0,0,0,0,0,0,0,0,0,0,0,0,0,0,0,0,0,0,0,0,0,0,0,0,0,0
"Feature193",0,0,23,0,0,0,0,0,90,0,0,0,0,0,0,25,0,0,0,0,0,0,0,133,0,0,0,24,0,0,0,0,12,0,0,0,0,0,0,0,0,0,0,0,0,0,0,0,0,0,0,0,0,0,113,0,0,0,76,0,93,0,0,0,0,0,93,0,0,0,0,0,10,0,0,0,0,0,0,0,0,0,0,59,0,0,0,0,0,0,0,65,0,0,0,0,52,0,0,0
"Feature194_TP",0,91,88,0,94,0,0,0,151,65,128,89,0,103,0,83,0,0,131,0,0,0,114,56,0,0,0,85,0,0,0,83,0,95,0,102,0,0,0,34,0,96,0,24,84,0,0,0,0,0,0,0,0,97,0,0,0,0,167,0,67,0,0,0,0,34,0,0,0,42,0,114,122,63,0,0,85,44,108,0,0,0,87,0,0,101,83,0,0,111,102,0,0,0,151,76,0,0,0,102
"Feature195",0,116,0,76,0,0,0,0,0,0,0,68,18,0,0,0,0,0,0,0,0,0,0,0,0,45,0,0,0,0,0,0,0,0,0,0,61,0,0,17,0,0,0,0,0,0,0,0,135,0,0,27,0,0,0,0,0,0,0,0,0,0,0,0,0,0,0,0,0,0,0,0,0,0,0,0,0,19,0,0,0,0,0,0,0,87,0,0,0,0,0,0,0,0,0,32,0,0,0,0
"Feature196_TP",0,0,0,0,0,0,0,0,0,0,109,0,0,0,143,0,102,0,0,0,0,0,0,0,0,0,76,0,0,70,137,63,0,0,0,0,43,0,79,118,0,149,0,0,76,139,0,31,0,0,0,0,56,0,34,0,87,0,0,0,0,0,49,127,0,0,0,106,0,0,0,0,0,72,0,0,0,70,128,0,88,0,0,0,82,0,0,0,93,0,0,0,0,0,0,0,0,144,0,0
"Feature197_TP",93,186,71,215,166,131,144,188,163,0,212,233,208,171,0,102,197,0,115,0,134,214,0,160,0,0,0,0,0,92,154,0,207,0,161,0,0,148,147,0,118,151,159,0,0,0,0,0,0,0,97,170,174,51,0,0,173,221,0,113,98,0,0,0,228,76,122,184,160,131,0,147,159,0,0,0,110,137,0,156,210,215,55,172,170,0,132,161,161,130,188,0,127,151,0,0,226,179,0,213
"Feature198",0,0,0,0,0,0,0,0,0,0,0,0,0,0,18,0,0,66,0,0,0,0,0,0,0,0,0,0,0,0,0,0,0,0,41,0,0,0,0,0,0,0,32,0,0,0,0,0,0,0,0,0,0,0,0,0,0,0,0,0,0,0,0,0,0,0,0,0,0,0,0,0,0,103,0,0,0,0,0,0,0,39,0,0,0,0,0,0,0,0,0,0,0,0,0,0,0,0,0,96
"Feature199",0,0,0,0,0,0,0,0,0,57,0,0,0,0,0,0,0,0,0,0,0,0,0,0,0,0,0,0,0,0,0,0,0,0,0,0,0,45,0,0,0,0,0,0,0,0,0,0,0,0,0,0,0,0,0,0,0,0,0,0,0,0,0,0,0,22,0,49,0,0,0,0,0,0,0,0,0,0,0,0,0,0,0,0,0,0,0,0,0,0,0,0,0,0,0,0,0,0,0,0
"Feature200_TP",0,0,0,0,128,0,0,0,156,93,149,0,0,130,0,82,0,155,0,0,0,0,0,110,0,0,85,0,0,0,102,0,0,0,104,0,76,0,0,0,0,0,0,0,0,149,0,0,93,0,0,0,0,82,46,0,0,0,0,0,0,78,0,0,0,0,0,0,0,0,0,0,0,0,0,0,39,0,154,0,139,0,92,0,0,0,0,0,82,0,147,0,53,0,0,0,161,0,122,0
"Feature201_TP",0,105,0,0,109,0,0,0,115,0,0,0,83,0,0,0,0,0,0,0,0,0,0,0,0,78,0,0,0,79,0,0,0,0,35,0,0,0,144,0,0,140,0,0,0,0,0,0,0,0,104,0,0,0,0,0,0,0,118,36,0,0,69,0,0,0,0,0,0,0,0,76,126,0,0,127,40,0,0,0,0,0,70,45,0,135,0,84,0,44,0,0,58,0,78,0,0,0,0,0
"Feature202",142,0,0,0,0,0,139,142,179,0,0,13,80,47,202,171,0,144,192,227,61,58,0,15,0,0,174,252,210,147,43,18,146,0,0,99,0,38,0,33,0,0,0,207,0,0,0,0,145,68,241,154,281,0,67,0,224,179,0,205,14,0,50,0,128,50,73,191,0,181,129,112,0,0,120,0,122,0,0,47,0,0,76,0,0,243,0,54,0,0,0,0,0,62,0,158,0,0,0,61
"Feature203",0,0,0,0,0,0,98,0,103,0,101,0,0,0,0,0,0,0,0,0,21,0,0,0,0,0,120,136,92,0,0,0,0,0,0,127,0,0,0,0,0,0,0,0,124,0,0,0,28,83,0,0,0,0,0,0,0,0,0,42,0,80,0,0,0,0,0,0,0,0,49,0,0,0,0,0,0,0,0,0,0,0,0,19,59,40,109,0,0,27,0,3,0,0,0,0,0,0,0,147
"Feature204",0,0,140,194,0,66,36,0,0,0,78,109,0,0,0,0,0,0,91,0,181,24,126,0,58,51,0,0,0,0,0,0,156,0,175,131,66,0,0,0,139,0,57,0,0,138,178,73,0,0,51,0,0,0,0,104,0,0,0,0,0,197,173,160,0,0,0,0,113,0,84,75,0,0,130,0,96,0,108,0,0,190,0,0,0,0,0,0,0,0,28,0,143,0,0,0,0,79,0,0
"Feature205",0,0,41,0,99,0,0,0,0,0,0,0,0,0,0,0,0,0,0,0,0,0,0,12,0,0,75,0,0,0,57,0,0,0,69,0,0,0,0,0,0,0,0,0,0,0,0,0,0,0,0,0,0,0,0,0,0,0,0,0,0,0,0,0,0,0,0,0,0,36,0,0,0,0,0,0,0,0,0,0,0,0,0,0,0,0,0,0,0,0,95,0,0,89,0,0,0,0,62,0
"Feature206_TP",0,0,71,0,0,0,138,202,0,0,203,204,223,219,214,130,201,174,0,186,0,237,213,0,140,131,112,174,97,0,232,0,153,169,98,154,0,160,0,84,56,184,0,0,0,237,0,0,0,157,126,108,51,104,0,245,0,0,0,0,0,138,0,0,0,125,128,183,0,87,212,177,207,0,0,184,76,124,175,0,225,259,0,127,188,157,0,0,156,0,0,178,154,0,246,160,0,123,185,155
"Feature207",0,0,24,123,0,0,0,0,80,0,0,0,0,0,0,0,0,0,0,0,105,16,0,0,0,0,0,0,0,0,0,0,0,0,0,0,57,0,0,0,0,0,0,0,0,0,0,0,0,0,41,0,0,105,0,0,0,0,45,0,0,0,0,0,0,0,0,100,0,42,0,0,0,0,0,0,0,0,0,0,0,0,0,0,0,0,0,0,0,61,0,0,0,0,0,0,0,0,0,0
"Feature208_TP",90,157,0,137,0,0,153,0,169,147,134,142,0,161,134,111,0,215,0,0,101,0,0,175,93,182,161,209,100,122,128,0,106,162,42,0,128,0,143,0,135,128,149,0,0,0,79,0,0,0,48,0,57,0,97,165,43,0,140,149,0,123,127,0,172,0,63,155,203,74,227,0,224,0,179,0,102,95,118,0,163,176,0,36,193,140,35,0,116,0,130,0,57,94,162,68,0,127,0,165
"Feature209",0,0,0,0,0,55,0,0,0,0,0,0,0,0,0,0,0,0,21,0,165,0,0,0,40,0,0,24,110,0,0,0,113,99,0,0,30,0,0,37,0,41,149,0,0,0,0,34,0,110,0,0,0,0,0,0,0,0,26,0,128,0,0,0,0,109,0,163,0,86,130,51,136,0,0,0,45,0,0,0,0,0,77,28,0,0,80,0,0,0,0,0,0,0,0,33,0,0,0,0
"Feature210",0,0,0,0,0,0,0,0,0,41,0,0,0,0,0,0,0,0,0,0,0,0,0,0,0,0,0,0,0,0,0,0,0,0,0,0,0,0,0,0,0,0,0,0,0,0,0,0,0,0,0,0,0,0,0,0,0,0,0,0,0,0,0,0,0,0,0,0,0,0,0,0,0,0,0,0,0,0,0,0,0,0,0,0,0,0,0,0,0,0,0,0,0,0,0,0,0,0,0,0
"Feature211",0,0,0,0,0,0,0,0,92,0,0,0,0,0,0,0,0,0,0,0,0,94,0,0,0,0,0,0,0,0,0,0,0,0,0,0,130,0,0,0,0,0,0,0,0,38,0,0,0,100,0,0,0,0,0,0,0,0,0,0,0,24,0,0,0,0,0,0,0,0,0,0,0,0,0,0,0,0,0,0,0,0,0,0,0,0,0,115,0,0,0,0,107,0,0,0,0,0,0,0
"Feature212_TP",0,0,0,0,0,77,118,121,0,34,0,0,63,0,0,0,0,0,0,0,0,0,0,0,91,85,0,0,88,0,0,0,0,0,0,87,0,80,86,0,0,93,0,0,0,0,63,0,0,0,52,0,0,0,38,111,0,0,0,76,0,0,0,0,0,0,0,0,0,0,0,0,0,0,114,106,0,0,0,0,78,0,0,0,0,0,0,0,0,0,0,0,0,43,0,0,0,0,0,0
"Feature213_TP",0,102,0,0,0,0,115,0,102,0,0,0,0,0,0,0,0,0,147,0,0,0,141,51,0,0,0,81,0,0,0,0,0,0,0,0,88,88,79,0,0,0,0,0,91,151,0,0,134,31,0,43,126,76,0,0,0,0,0,0,0,85,95,0,0,78,0,0,0,0,0,0,0,0,0,0,49,0,0,86,0,0,0,0,0,0,57,0,0,0,0,0,61,0,0,79,0,0,0,0
"Feature214",0,0,0,0,0,0,0,0,0,0,0,0,0,0,79,72,0,64,0,115,0,0,118,0,0,0,0,0,19,89,0,0,0,0,107,0,0,71,0,43,63,0,0,0,145,0,99,0,0,0,0,66,0,0,0,0,0,0,0,0,0,0,0,0,0,0,0,92,0,7,178,0,58,0,0,0,65,76,0,0,0,0,0,0,0,143,0,0,0,0,0,0,0,0,0,0,0,0,0,0
"Feature215",0,0,0,0,0,0,0,0,0,0,0,0,0,0,0,0,0,47,113,0,93,0,0,0,65,81,0,0,0,0,0,0,0,0,0,0,97,0,0,0,36,0,0,0,0,0,0,0,0,0,0,0,0,0,0,0,0,0,98,0,0,0,59,0,0,0,0,0,0,0,0,0,0,0,0,0,0,0,0,0,0,0,0,81,54,0,0,0,0,0,0,0,0,0,0,0,0,0,0,0
"Feature216",0,153,0,0,0,105,65,0,0,0,0,106,0,0,131,0,0,20,0,0,0,109,0,0,0,0,44,0,0,0,0,0,0,17,0,139,81,145,0,0,0,74,0,0,0,0,0,0,170,175,0,0,0,159,0,0,0,127,0,0,0,66,0,184,0,16,0,0,0,0,24,125,0,0,0,0,0,0,139,0,0,0,0,0,64,0,0,103,0,133,101,53,0,0,0,0,0,78,0,0
"Feature217",0,0,0,134,0,0,0,0,86,0,0,75,0,0,102,0,0,140,0,0,0,0,40,0,0,0,0,0,0,0,6,0,0,0,0,0,0,0,129,47,0,0,0,205,124,0,0,0,0,0,0,0,0,0,0,0,0,0,106,0,0,14,0,0,67,0,0,0,0,81,0,0,0,0,0,0,118,0,0,0,0,55,0,105,0,0,0,161,78,0,18,0,0,29,0,0,0,97,0,0
"Feature218",0,0,0,68,0,0,0,0,0,0,9,0,0,0,0,0,0,0,0,0,0,52,0,0,0,0,0,0,0,0,0,0,0,0,0,0,0,0,0,0,0,0,0,0,0,0,0,0,0,0,0,0,0,0,0,0,0,24,0,0,0,0,0,0,0,0,0,0,0,0,0,0,0,0,0,0,0,0,0,0,0,0,0,0,0,0,0,47,0,62,0,0,0,0,0,0,0,0,0,0
"Feature219",0,0,0,0,0,0,0,0,0,0,0,0,0,0,0,0,0,0,0,0,0,0,0,0,0,0,0,0,0,0,0,0,0,0,0,0,0,0,0,0,0,0,59,0,0,0,0,0,0,0,0,0,0,0,0,0,0,0,0,0,0,0,0,0,0,0,0,0,0,0,0,0,0,0,0,0,0,0,0,0,0,0,0,0,0,21,0,0,0,0,0,0,0,0,0,0,0,0,0,0
"Feature220",57,75,0,0,0,0,0,0,0,0,0,0,0,0,0,0,0,0,45,0,0,0,0,0,0,0,0,0,0,0,0,0,0,0,0,0,0,27,0,0,0,0,0,0,0,0,0,0,0,0,0,0,53,95,0,0,0,0,0,0,0,0,0,0,0,0,0,0,0,0,0,44,0,0,122,0,41,0,0,0,0,0,0,0,0,0,0,0,0,0,0,0,111,0,0,0,0,0,0,0
"Feature221",0,0,0,0,0,13,0,101,0,0,0,0,0,0,0,0,0,0,0,45,0,0,0,103,0,0,0,0,0,0,0,0,34,0,0,0,0,0,0,0,0,0,0,0,0,74,0,0,0,149,0,0,0,0,0,0,0,0,0,0,0,0,0,0,0,0,0,0,0,0,0,0,0,82,185,0,0,0,0,0,0,52,0,0,0,79,0,99,0,0,0,0,0,0,0,0,0,0,0,0
"Feature222",69,0,0,0,89,0,0,0,0,0,0,0,0,0,0,0,0,0,0,0,0,0,0,0,0,118,142,109,0,0,0,131,0,49,0,0,0,53,0,0,0,0,0,0,0,0,0,0,0,0,140,0,30,105,0,83,108,0,0,0,0,0,0,0,0,0,0,66,0,0,0,0,0,0,0,0,106,19,103,0,0,0,89,0,0,54,113,0,115,0,0,0,0,0,0,0,0,0,0,0
"Feature223",0,0,0,0,0,0,0,0,0,0,0,0,0,0,0,0,0,0,0,0,0,0,0,0,0,0,0,0,0,0,0,44,0,0,0,132,0,0,95,0,0,15,0,0,0,0,0,60,0,45,0,0,0,0,0,81,0,138,108,0,0,0,0,0,0,0,0,0,0,38,0,0,0,0,0,0,109,49,0,0,0,77,117,0,0,0,0,28,0,0,0,0,0,0,0,0,0,0,0,0
"Feature224",0,0,0,0,0,0,0,0,0,0,0,0,0,0,0,0,0,0,0,0,0,0,0,0,0,0,0,0,0,0,0,0,0,20,0,0,0,0,0,0,0,0,47,0,0,0,0,0,0,57,0,0,0,0,0,31,0,40,0,0,0,0,0,0,0,77,0,6,0,0,0,0,0,0,128,0,0,0,0,0,0,0,0,0,0,0,0,0,0,0,0,0,0,0,0,0,0,0,0,0
"Feature225_TP",0,0,0,0,0,0,0,0,0,0,179,0,0,172,0,0,0,0,0,128,0,137,158,0,73,0,96,0,79,0,0,0,93,0,64,137,0,68,111,0,0,109,55,0,0,0,0,0,134,0,0,0,0,0,0,104,0,187,0,97,0,0,0,0,166,96,77,0,106,0,0,140,0,123,171,100,53,0,0,114,0,0,115,0,0,0,0,140,113,56,172,0,0,0,0,0,0,0,158,113
"Feature226",62,117,0,0,0,0,0,0,0,0,0,0,0,0,0,0,0,0,0,0,0,0,0,0,104,0,15,0,72,0,0,0,2,0,122,87,0,0,0,0,40,0,0,0,0,0,0,0,0,0,0,0,159,0,0,0,0,0,0,0,0,0,0,0,0,0,0,0,119,51,0,0,0,0,0,0,0,0,0,0,106,0,0,0,0,136,0,0,0,0,0,0,0,0,0,0,0,0,0,0
"Feature227",40,0,202,175,13,0,81,189,213,174,0,149,0,0,120,189,189,174,128,230,0,229,131,251,230,123,0,147,211,0,51,0,0,0,72,71,189,0,238,58,170,195,0,184,148,190,36,0,0,0,155,0,0,0,0,0,164,187,0,146,237,0,108,0,132,61,99,20,233,28,0,183,59,93,157,172,0,0,221,0,0,279,36,246,36,161,0,0,0,201,143,0,121,24,102,144,86,137,0,0
"Feature228_TP",0,0,111,0,0,137,113,172,147,0,153,0,193,198,0,75,130,0,112,205,0,0,143,0,96,0,0,201,0,87,141,0,105,163,0,146,128,0,133,141,0,0,47,90,164,115,76,0,213,0,68,115,114,119,0,214,0,137,211,0,145,0,0,202,213,131,56,129,238,0,0,0,195,0,0,125,0,124,0,0,0,0,0,0,0,0,0,0,0,46,0,0,0,92,0,53,0,116,0,140
"Feature229",121,0,0,229,28,0,202,0,0,102,0,0,114,226,202,0,72,0,0,108,258,0,0,8,162,75,131,0,0,169,140,0,102,118,51,181,122,0,142,0,64,0,0,184,129,0,88,0,23,0,103,0,0,73,0,70,192,0,117,95,205,13,182,240,0,77,0,22,192,175,0,76,0,24,293,0,0,0,0,34,0,96,125,0,180,48,107,0,88,68,0,0,226,208,0,0,0,0,0,95
"Feature230",0,0,0,0,0,0,0,77,0,107,0,46,0,0,0,0,0,151,49,0,37,0,0,0,0,0,106,0,0,0,53,120,0,0,0,0,0,0,0,0,0,0,0,0,0,0,0,0,134,122,0,0,0,0,0,0,16,0,0,71,0,165,0,0,0,91,0,0,0,0,46,87,0,0,0,0,41,0,58,0,0,0,0,0,0,0,16,0,0,0,0,0,0,92,112,0,138,152,0,0
"Feature231",0,0,0,0,0,0,0,0,0,0,0,0,0,0,0,0,0,0,0,0,0,0,0,0,0,0,0,0,0,0,0,0,0,0,0,85,0,115,0,0,0,0,0,0,0,0,0,0,0,0,0,0,0,0,0,0,0,0,0,0,0,50,0,0,0,0,0,0,0,0,0,0,0,0,0,6,0,0,0,0,0,0,0,0,0,0,0,0,0,0,0,0,0,0,0,0,0,0,0,0
"Feature232",0,0,0,0,0,0,0,0,0,0,0,0,0,0,0,0,0,0,0,0,0,0,0,0,0,0,0,75,0,0,0,0,0,0,0,0,0,0,63,0,0,0,0,0,0,0,0,0,0,0,0,0,0,0,0,0,0,0,0,0,0,0,0,0,0,0,0,0,0,0,0,0,0,0,0,0,0,0,0,0,0,28,0,0,0,0,0,0,0,0,0,0,0,0,0,0,0,0,0,0
"Feature233",20,0,0,227,0,0,118,65,45,20,0,124,194,0,59,0,0,21,94,0,135,130,165,0,0,128,0,69,89,0,50,0,0,162,40,0,0,0,0,0,199,95,0,31,0,31,28,0,0,210,0,0,27,100,232,154,69,0,0,33,0,90,0,149,30,0,0,0,102,0,0,0,0,222,0,110,57,0,0,0,0,0,0,0,0,0,0,0,0,0,0,72,0,131,186,88,50,0,34,0
"Feature234",115,0,20,0,0,0,65,0,0,133,0,30,92,0,0,0,0,0,59,0,0,149,0,0,157,0,149,0,67,0,0,0,56,0,0,70,0,0,0,84,0,0,136,0,0,0,0,61,0,0,0,0,11,112,0,0,0,48,0,0,74,129,162,0,65,0,0,0,139,24,0,0,0,0,0,99,57,78,106,182,0,0,0,0,0,0,0,0,72,0,0,0,0,0,16,0,0,43,0,0
"Feature235",0,0,0,0,0,118,0,0,0,0,0,0,0,0,0,0,52,0,0,0,0,0,0,140,0,0,0,0,0,67,0,0,95,0,0,0,0,58,0,0,0,0,0,0,0,0,128,0,91,0,0,0,0,0,0,0,0,0,130,0,0,0,0,0,0,0,0,0,0,0,0,0,0,0,0,0,0,0,0,0,42,0,0,0,0,0,0,0,0,0,0,0,0,0,0,0,0,0,0,26
"Feature236",0,0,0,0,0,0,0,0,0,0,0,87,0,0,0,0,0,111,0,51,0,115,0,0,0,0,0,0,0,0,0,0,0,0,79,0,0,94,0,129,125,0,0,0,0,0,0,70,0,0,0,0,0,0,0,0,0,0,0,0,0,0,0,0,0,0,40,0,0,0,84,0,0,0,0,0,0,0,0,0,0,0,0,0,0,0,0,0,90,0,0,0,0,52,0,0,100,0,0,0
"Feature237",0,0,0,0,0,0,0,0,134,138,0,113,124,0,0,0,0,0,27,0,0,0,0,0,0,0,100,0,0,0,0,0,57,27,0,0,61,0,0,0,0,0,0,169,0,0,22,0,0,0,119,0,0,0,0,0,0,142,0,0,0,0,0,0,0,0,0,0,0,0,0,0,0,0,0,0,0,44,0,0,159,0,39,0,0,0,0,146,0,0,0,0,0,0,0,0,0,0,0,0
"Feature238",0,0,0,0,0,0,0,0,0,0,0,0,33,54,0,0,137,0,120,0,0,0,0,71,91,0,0,0,0,0,0,13,0,0,14,0,0,134,0,22,0,117,18,0,0,0,0,0,78,0,81,0,0,0,0,0,0,0,0,0,0,0,28,0,0,0,140,0,0,0,0,0,0,61,0,0,0,0,0,0,0,0,0,0,0,0,0,0,0,0,0,0,0,0,0,0,95,0,0,0
"Feature239",0,0,0,0,0,0,0,0,0,0,57,0,0,0,0,70,0,0,0,0,0,0,0,0,0,0,0,0,0,0,0,0,0,0,0,0,0,0,0,0,0,0,0,0,0,0,0,0,0,0,0,0,0,0,0,0,0,0,0,0,0,0,0,0,0,0,0,0,0,0,0,0,0,0,0,0,0,0,0,0,0,0,0,0,0,0,0,0,0,0,0,0,0,0,0,0,0,0,0,0
"Feature240",0,0,0,0,0,0,0,0,0,0,0,0,0,0,0,0,0,0,0,0,0,0,0,0,0,0,0,0,0,0,0,0,0,0,0,0,0,0,0,0,0,0,0,0,0,0,0,0,0,0,0,0,0,0,119,0,0,0,0,0,0,0,0,0,0,0,0,0,0,0,0,0,0,0,0,0,0,0,0,0,0,0,0,0,0,0,0,0,0,0,0,0,0,0,0,0,0,124,0,0
"Feature241",0,0,0,0,0,0,0,135,0,0,19,0,0,0,79,0,96,0,61,145,104,117,0,0,0,0,0,0,0,0,0,213,92,0,0,0,0,0,12,32,64,0,0,202,0,0,48,52,0,0,0,185,0,0,0,49,0,0,0,0,0,0,15,39,0,0,98,0,0,33,0,153,0,0,103,85,0,174,0,0,0,143,165,20,0,0,0,0,0,0,176,0,0,81,57,0,83,0,74,0
"Feature242",0,0,0,0,10,146,0,149,0,0,93,94,0,0,0,0,0,0,99,0,0,0,0,0,0,0,0,0,46,0,0,0,0,0,91,0,0,0,0,54,0,0,0,197,0,0,0,0,61,44,0,0,0,175,95,0,0,0,0,100,0,0,0,23,0,0,0,0,0,0,0,0,0,94,0,152,0,0,0,30,85,0,0,0,0,0,0,35,0,0,0,0,0,0,0,0,0,0,0,72
"Feature243",0,0,0,0,0,0,0,0,0,44,0,0,0,0,0,0,0,0,40,31,0,0,0,0,0,0,0,0,0,0,0,0,0,0,0,0,0,34,0,0,0,0,38,0,0,0,0,0,0,0,0,0,0,0,0,131,0,0,0,87,17,0,0,0,0,0,0,0,0,0,0,0,0,0,0,0,0,0,0,0,0,0,0,0,0,0,0,0,0,0,0,0,76,0,0,0,0,0,0,0
"Feature244",0,0,0,0,0,111,0,0,0,0,0,0,67,0,0,0,0,82,0,0,0,48,0,0,85,108,0,0,0,0,0,0,0,0,104,0,0,0,0,0,75,0,0,0,0,0,0,0,0,0,0,0,0,0,0,0,0,0,0,0,0,0,0,84,0,0,0,0,0,0,0,0,0,0,0,0,0,51,0,0,0,0,0,0,59,0,0,100,0,0,0,0,0,0,0,0,0,0,0,0
"Feature245_TP",0,0,0,0,0,0,0,88,0,0,79,0,110,0,0,65,99,77,94,0,0,116,105,0,0,75,54,76,43,0,0,111,0,0,82,0,0,0,105,0,0,137,0,0,98,123,103,0,146,0,0,0,0,0,54,0,116,0,140,77,0,0,0,93,0,0,0,129,0,65,0,127,0,0,97,107,0,0,0,0,0,0,0,77,0,0,0,0,0,0,136,58,0,0,95,0,0,0,0,0
"Feature246",0,0,0,0,0,0,35,0,0,0,0,0,55,0,0,0,74,0,0,144,0,0,0,0,0,0,0,0,0,0,0,0,0,0,103,0,0,0,0,40,0,0,0,0,0,0,0,0,0,0,0,46,0,0,25,0,132,26,0,104,0,0,0,0,0,21,0,0,0,0,0,0,0,33,0,0,0,0,0,0,0,36,0,0,0,22,0,0,56,0,0,0,0,0,61,0,0,0,0,0
"Feature247",0,0,0,0,0,0,0,96,0,0,0,0,0,0,27,54,0,0,0,0,0,0,0,0,0,0,102,0,0,0,0,0,0,0,0,0,0,0,37,0,0,0,0,0,0,0,0,102,0,0,0,0,0,0,0,0,0,0,0,60,0,128,0,0,0,0,130,0,0,0,0,0,0,0,0,0,0,0,0,0,20,0,0,0,0,0,0,0,0,0,0,0,0,0,19,0,0,0,73,0
"Feature248",0,0,0,0,0,0,0,26,0,0,0,0,0,0,95,0,0,0,0,0,0,0,0,0,0,0,0,0,0,0,0,65,0,0,0,0,0,0,0,0,0,0,0,0,0,0,0,0,0,0,0,0,0,0,0,0,0,0,0,0,0,0,0,0,0,0,0,0,0,0,0,0,13,0,0,0,0,0,0,0,0,0,0,0,0,0,0,0,0,0,0,0,0,0,0,0,0,0,0,0
"Feature249",98,0,0,0,105,0,0,126,0,0,0,23,79,0,0,101,0,0,0,0,0,158,0,0,0,67,0,0,0,0,0,0,0,22,0,0,0,0,0,110,0,38,0,0,0,0,0,0,68,130,136,0,0,0,0,0,0,0,0,0,124,0,0,0,0,0,15,85,165,107,0,0,0,0,77,0,0,0,133,159,0,0,0,0,0,0,0,0,0,144,0,0,0,0,0,0,0,0,0,0
"Feature250",0,0,0,0,0,0,0,0,0,0,0,0,0,0,33,0,0,0,0,0,0,0,0,0,0,0,0,0,0,0,0,0,0,0,0,0,20,32,0,0,0,0,0,0,0,0,0,0,0,0,0,0,0,0,0,0,0,0,0,0,0,0,0,0,0,0,0,0,0,0,0,0,0,0,0,0,0,0,0,0,0,0,0,0,68,0,0,0,0,0,0,0,0,0,0,0,0,0,0,0
"Feature251",223,0,224,233,41,232,111,128,0,245,171,0,41,21,93,173,110,0,137,0,119,0,116,0,32,55,0,50,148,0,148,92,133,150,142,31,0,0,110,26,0,0,151,0,0,27,0,236,181,174,59,0,79,181,161,0,0,0,0,0,81,0,129,0,216,0,138,178,271,55,0,0,0,204,0,60,103,189,0,0,207,0,27,143,100,180,71,145,180,0,277,0,247,182,108,207,0,0,0,261
"Feature252",176,71,21,36,137,263,227,0,164,0,110,181,199,188,92,173,65,46,19,0,27,86,95,269,254,0,0,0,120,265,0,0,186,100,219,217,0,31,73,0,197,0,0,313,145,0,132,164,257,0,0,0,0,0,114,206,0,136,0,75,138,190,68,114,206,68,184,0,231,104,0,38,132,211,0,42,87,204,160,0,0,0,0,0,0,0,259,14,126,130,205,171,125,0,0,65,43,0,186,168
"Feature253",0,0,0,0,0,71,0,90,0,0,0,0,0,0,0,0,0,0,0,61,0,0,0,0,0,0,109,0,0,0,0,0,0,0,0,0,0,0,36,0,0,0,121,0,0,0,62,0,105,0,0,0,0,0,0,0,0,0,176,0,0,0,0,0,0,0,0,59,0,0,0,0,0,13,0,58,0,0,0,0,0,0,0,61,0,0,0,0,0,62,75,0,125,90,0,0,0,0,0,0
"Feature254",0,0,0,0,102,0,0,0,0,0,0,0,69,0,0,0,0,23,0,134,0,148,0,48,103,0,0,0,0,0,0,0,0,0,0,0,0,0,0,0,0,0,76,0,154,83,49,0,0,0,44,0,0,0,0,0,0,0,0,0,0,49,0,0,127,95,0,125,0,0,0,0,0,0,0,0,95,59,0,0,0,117,0,161,0,0,0,0,0,48,0,0,38,0,29,0,0,78,87,0
"Feature255",0,100,77,0,0,0,0,0,0,0,0,0,0,0,0,0,0,0,73,0,0,0,0,0,135,0,0,0,103,0,0,0,0,0,0,0,0,0,0,0,0,0,0,0,105,78,16,0,0,142,0,0,0,0,0,0,0,0,0,0,0,0,0,0,28,0,0,0,0,0,0,0,0,0,0,0,0,0,0,170,0,0,0,0,0,0,30,0,0,0,0,0,0,0,0,0,0,0,0,0
"Feature256",0,23,0,0,0,0,0,0,0,0,0,0,0,0,0,0,0,0,0,0,0,0,0,0,0,0,0,0,0,76,0,0,0,0,0,0,0,0,0,0,0,0,0,0,0,0,0,0,0,0,0,0,0,0,0,0,0,0,0,0,0,0,0,67,66,0,0,0,0,0,0,0,0,0,0,0,0,24,0,0,0,0,0,0,0,0,0,0,0,0,0,0,0,0,0,0,0,0,0,0
"Feature257",0,0,0,0,0,0,0,0,0,0,0,0,0,0,0,0,0,0,0,58,0,0,0,0,0,0,0,0,0,52,0,0,0,50,70,96,134,10,0,0,0,120,0,0,21,43,134,74,164,0,0,0,196,0,0,0,0,0,176,66,96,0,0,127,0,0,0,0,66,66,0,0,0,0,0,0,0,0,0,66,0,151,71,0,38,169,0,60,0,0,0,89,0,0,0,0,0,117,0,57
"Feature258",0,0,0,0,0,0,0,0,0,0,49,0,0,0,69,0,0,0,0,0,0,0,0,81,0,0,0,0,0,0,0,0,0,0,0,0,0,0,0,0,0,0,19,0,0,0,0,0,0,0,0,0,0,0,0,0,0,0,0,0,0,0,0,0,0,0,0,81,0,0,0,0,0,0,0,0,0,0,0,0,0,0,0,0,0,0,0,0,0,63,0,0,0,0,0,0,0,0,0,0
"Feature259",0,0,0,0,0,0,0,0,48,0,0,0,0,0,0,0,0,0,37,118,0,62,0,83,0,0,0,0,0,0,0,0,0,0,64,0,0,0,0,0,0,0,0,0,0,0,0,0,153,0,0,0,0,0,0,0,0,0,0,0,0,0,0,0,0,98,0,70,120,0,0,48,0,0,50,0,0,0,0,0,0,0,0,69,0,0,0,0,0,0,0,37,80,0,0,0,0,0,0,0
"Feature260",0,69,0,0,40,0,0,0,0,0,0,0,0,43,0,0,0,0,0,0,68,0,0,0,0,0,0,0,0,0,0,0,0,0,0,0,0,0,0,0,0,0,0,0,0,0,0,0,0,0,0,0,0,59,0,0,0,0,0,38,0,0,0,0,0,0,0,29,0,0,0,0,0,0,0,0,0,0,0,0,0,0,0,0,0,0,0,0,0,0,0,0,0,0,0,0,0,0,0,0
"Feature261",0,0,0,0,0,0,0,0,0,0,0,0,0,0,0,0,0,0,0,0,0,0,0,0,60,0,0,0,0,0,0,0,0,0,0,0,0,0,70,0,0,12,0,0,0,0,0,0,0,0,0,0,0,0,32,0,0,0,0,0,0,0,0,0,0,0,0,0,0,0,0,0,0,0,47,0,0,18,106,0,9,0,0,0,0,0,0,0,0,0,105,0,0,0,0,0,0,0,0,0
"Feature262",0,0,0,0,0,0,0,0,0,0,0,0,0,0,0,0,0,0,0,0,0,0,0,0,0,0,0,0,0,0,0,0,0,0,0,0,0,0,0,0,0,0,0,0,0,0,0,0,0,0,82,0,0,0,0,0,0,0,0,0,0,0,0,0,0,0,0,0,0,0,0,0,0,0,0,0,0,0,0,0,0,0,0,0,0,0,0,0,0,0,0,62,0,0,0,0,0,0,0,0
"Feature263",0,0,0,0,0,0,0,0,0,0,0,0,0,73,0,0,0,0,0,0,0,0,0,0,0,0,0,0,0,0,0,0,0,0,0,0,0,0,0,0,0,0,0,0,0,0,0,0,0,0,0,0,0,0,0,0,0,0,0,0,0,0,0,0,0,0,0,0,0,0,0,0,0,0,0,0,0,0,0,0,0,0,0,0,0,0,0,0,0,0,0,0,10,0,0,0,0,0,0,0
"Feature264",0,0,0,0,0,0,63,0,0,0,59,0,0,0,0,0,0,58,26,0,72,114,0,0,0,0,0,0,0,0,0,0,0,0,0,84,0,0,0,0,0,72,0,30,0,0,0,0,0,0,0,0,0,0,0,0,0,0,0,0,0,0,0,0,0,0,0,0,0,0,0,0,0,0,0,0,0,0,0,0,0,0,0,71,0,0,0,0,0,0,0,0,0,0,0,40,0,0,0,0
"Feature265",0,0,0,0,87,0,0,0,0,0,0,0,0,0,0,0,0,0,0,68,0,0,0,0,0,0,0,0,0,0,0,0,0,0,0,0,47,0,26,0,0,0,0,0,0,0,0,0,0,0,0,0,0,0,0,0,0,0,0,0,0,0,0,0,71,0,0,0,0,0,0,0,0,0,0,0,0,0,0,0,0,0,0,0,0,0,0,0,0,0,0,68,0,0,22,0,0,0,0,0
"Feature266",0,0,0,0,0,0,0,30,0,0,0,0,0,0,0,0,0,0,0,0,0,0,0,0,0,0,0,0,0,0,0,0,0,0,0,66,0,0,0,0,0,0,0,0,0,0,0,0,0,0,0,0,0,0,0,10,0,0,0,0,0,0,0,0,0,0,0,0,0,0,0,0,0,0,0,0,0,0,0,0,0,0,0,0,0,0,0,0,0,0,0,63,89,0,0,0,0,0,0,0
"Feature267",0,0,0,0,0,0,0,0,0,0,0,0,0,0,0,0,0,0,0,0,0,0,28,0,0,0,0,0,0,0,0,0,0,0,0,0,0,0,0,0,0,0,0,0,0,0,0,0,0,0,0,0,0,0,0,23,0,0,0,0,0,0,0,0,0,0,0,0,0,0,0,0,0,0,0,0,0,0,0,0,0,0,0,0,78,0,0,0,0,0,0,89,0,0,0,0,0,0,0,0
"Feature268",73,235,0,0,0,0,0,114,0,29,263,160,60,0,0,70,58,176,0,0,0,265,0,232,233,171,65,78,0,99,201,250,84,160,0,188,195,0,185,0,0,262,72,189,0,0,50,35,36,255,0,71,227,58,189,232,244,0,169,0,192,220,0,0,63,202,216,0,170,30,0,0,0,179,0,0,0,65,0,0,225,0,52,220,0,0,0,0,65,101,83,0,0,0,227,0,64,183,0,213
"Feature269_TP",0,121,78,230,184,0,225,0,163,48,210,0,188,133,156,84,167,168,218,257,0,242,223,0,172,156,81,293,148,152,197,52,250,210,100,200,0,0,219,139,162,140,0,0,170,0,192,159,188,147,0,0,0,114,196,0,83,152,0,168,133,0,84,182,185,124,133,178,266,78,178,184,181,167,0,0,149,72,0,0,195,157,128,0,167,214,93,237,117,0,244,169,0,0,208,0,232,139,250,194
"Feature270",0,0,0,0,133,32,32,31,148,25,0,142,144,0,0,0,23,0,0,0,0,0,0,0,69,0,0,0,0,0,0,0,0,0,0,67,0,0,166,83,0,0,108,0,0,11,100,0,0,95,0,0,0,0,0,0,0,0,0,75,168,0,0,0,0,0,25,129,21,97,11,25,12,132,97,0,0,0,132,170,0,24,0,0,0,0,0,0,50,165,0,99,0,0,21,0,0,41,105,0
"Feature271",0,0,0,0,101,0,0,0,61,0,89,73,0,29,0,0,0,0,0,0,0,0,0,0,135,0,0,0,0,0,0,0,0,0,0,0,0,0,0,0,0,0,0,0,0,0,0,0,0,0,72,0,25,0,0,162,30,0,0,0,0,0,137,21,0,0,54,0,0,0,0,0,0,0,48,0,0,47,0,17,0,69,0,0,0,0,0,0,0,0,0,0,0,0,0,0,0,0,0,0
"Feature272",0,0,0,0,0,0,0,0,0,0,0,0,0,0,0,0,0,0,0,0,0,0,0,0,0,0,0,0,0,0,52,0,0,0,0,0,0,0,0,0,20,0,0,0,0,0,0,0,0,0,0,0,0,0,0,0,0,0,0,0,0,0,0,0,8,0,38,0,0,0,0,0,0,0,0,0,0,0,0,0,0,0,0,0,0,0,0,0,0,0,0,0,0,0,0,72,0,0,0,0
"Feature273",0,0,0,0,0,0,0,0,0,0,0,0,0,0,0,0,0,0,0,0,0,0,0,0,0,0,0,0,0,0,0,0,0,0,0,0,0,24,0,0,0,0,0,0,44,0,25,0,0,0,0,0,0,0,0,0,0,0,0,0,0,0,0,0,0,0,0,0,0,0,0,0,0,0,0,0,0,0,0,0,0,0,0,0,0,0,0,0,0,0,0,0,0,0,0,0,0,0,0,0
"Feature274",65,0,100,0,36,0,63,0,0,107,0,0,0,0,0,64,0,0,0,0,69,0,63,96,73,170,0,0,70,33,133,0,0,85,84,0,0,0,181,0,0,0,0,0,74,125,0,0,81,0,0,0,0,0,172,0,0,0,55,0,0,0,0,0,21,0,112,0,0,69,188,0,0,122,140,0,46,105,0,0,0,45,0,0,18,0,41,0,142,0,0,147,119,99,196,129,0,49,114,0
"Feature275",0,0,0,0,0,0,0,0,40,0,0,0,0,122,0,0,0,0,0,0,0,0,0,0,103,0,0,0,0,0,0,0,0,58,0,0,0,0,0,0,0,0,0,0,0,0,0,0,0,0,0,0,0,0,0,0,96,0,0,0,0,0,0,0,0,36,0,24,0,80,0,0,0,0,0,0,14,0,0,0,0,0,0,0,0,0,0,0,0,0,0,0,0,0,0,0,0,0,24,0
"Feature276",236,103,57,122,177,0,0,101,259,94,0,50,0,0,287,0,0,7,7,158,191,271,0,124,0,225,0,35,217,0,0,293,183,170,0,143,0,180,113,148,203,0,211,0,129,134,0,0,0,172,58,0,189,187,151,215,0,0,278,197,0,8,0,0,0,155,177,31,281,83,173,0,75,186,0,25,0,105,29,0,293,0,72,239,69,0,213,159,214,196,0,108,0,128,0,84,218,48,204,0
"Feature277",0,74,0,0,0,0,0,0,0,0,0,79,0,0,119,0,0,0,0,0,0,0,0,53,0,100,0,0,0,0,0,151,0,0,0,0,0,0,131,0,0,0,0,0,119,0,0,85,0,0,0,0,45,0,0,0,0,0,0,0,0,0,0,0,0,0,0,81,0,71,108,0,76,0,0,0,0,98,0,0,0,0,0,0,0,0,0,0,0,0,0,0,0,0,0,0,0,0,112,0
"Feature278",0,0,0,0,95,0,33,0,0,0,25,0,0,0,0,0,0,0,0,0,0,0,0,0,76,0,0,0,0,70,0,0,0,0,0,0,0,0,0,88,0,0,0,0,0,0,0,0,0,0,0,0,0,0,109,0,0,0,0,0,0,0,0,0,0,0,0,0,0,0,0,0,0,0,0,0,0,0,0,0,0,0,0,0,0,67,0,71,0,0,0,0,0,0,0,0,56,0,0,0
"Feature279_TP",107,133,0,0,158,0,0,0,117,67,0,158,0,147,112,110,178,0,0,198,0,197,170,29,0,0,63,159,0,0,0,0,0,166,0,0,0,101,0,113,130,126,54,0,152,170,0,142,196,57,54,0,0,0,113,0,0,0,0,0,135,139,103,197,112,0,0,0,0,53,0,140,0,81,109,0,0,0,191,0,0,0,0,129,0,144,95,104,0,134,0,0,0,0,0,0,148,103,0,228
"Feature280",191,259,0,175,0,148,169,0,70,0,122,191,34,0,246,0,0,0,0,45,199,34,103,0,135,80,0,0,77,0,180,0,144,56,206,0,69,0,0,220,0,233,0,0,0,0,0,0,133,0,236,78,0,0,64,0,118,76,265,0,0,0,0,0,61,0,0,219,0,0,0,125,65,0,0,148,85,213,0,112,0,0,194,207,183,0,139,237,123,91,0,0,0,12,203,50,141,66,135,0
"Feature281",0,106,123,0,0,0,0,0,0,0,179,40,0,0,0,44,70,0,0,0,0,0,0,65,0,94,0,0,32,117,0,0,0,0,0,0,0,0,16,0,0,0,0,98,0,0,0,0,0,90,103,0,213,0,94,31,0,0,90,0,0,0,0,0,0,0,0,31,197,0,0,37,0,0,0,0,0,126,51,0,20,0,0,0,0,0,0,145,0,0,0,0,0,37,136,0,0,107,0,0
"Feature282",0,0,0,0,0,0,0,0,0,0,0,0,3,0,0,0,35,0,0,0,0,0,0,0,0,0,0,0,0,0,0,0,0,0,0,0,0,0,0,0,0,0,0,0,15,18,0,0,0,0,0,0,0,0,0,0,0,0,42,0,0,0,0,0,0,0,0,0,0,0,0,0,0,0,0,47,0,0,32,0,0,0,0,0,0,0,0,0,0,0,40,0,0,0,0,0,0,0,0,0
"Feature283",0,0,0,0,0,0,0,0,0,0,0,0,0,0,0,64,0,0,0,0,0,0,0,0,0,0,0,0,0,0,0,0,0,59,0,0,0,22,0,0,0,0,0,0,0,0,18,0,0,0,0,0,0,0,0,0,22,0,0,0,0,0,0,0,0,111,0,0,0,76,0,0,0,0,0,0,33,0,0,0,90,0,0,0,0,0,0,0,0,0,0,0,0,0,0,0,0,0,0,0
"Feature284",0,0,0,0,0,0,0,0,0,0,0,0,0,0,0,0,0,0,0,0,0,0,0,0,0,0,0,0,0,0,0,0,0,0,101,0,0,85,0,0,0,0,0,0,0,63,0,0,0,0,0,0,0,0,0,0,0,0,0,0,0,0,0,0,0,0,97,29,76,0,0,0,85,0,0,0,0,0,0,0,0,0,0,0,0,0,65,0,0,107,0,0,0,0,108,0,0,0,0,0
"Feature285",338,277,80,0,0,272,279,69,294,46,0,283,298,13,0,193,0,257,214,362,60,0,230,148,171,238,327,250,345,65,296,95,234,270,348,205,292,77,72,0,0,291,0,215,390,235,42,140,218,33,239,251,0,233,82,378,248,261,188,280,266,13,0,139,0,152,139,62,62,268,157,231,319,200,0,354,108,58,102,218,151,12,0,306,316,146,172,70,0,129,33,256,0,224,105,83,166,318,90,0
"Feature286",0,0,0,0,0,0,0,0,0,0,0,0,0,0,0,82,0,0,0,0,0,0,0,0,0,0,0,0,0,0,0,0,0,0,0,0,0,0,0,0,0,0,0,0,0,0,0,0,0,0,0,0,0,0,0,0,0,0,0,0,0,0,35,35,0,0,0,0,0,0,0,0,0,0,0,0,0,0,0,0,0,0,0,0,0,0,0,0,0,0,0,0,0,0,0,0,83,0,0,0
"Feature287",0,0,0,0,0,75,0,0,0,0,0,0,0,0,0,0,0,0,0,0,36,0,0,0,0,0,0,0,0,0,0,0,0,0,90,0,86,0,31,0,0,0,0,83,0,0,0,47,0,0,0,0,67,77,0,0,0,0,0,0,0,0,0,0,0,0,0,0,0,0,0,0,0,0,0,74,0,0,0,0,0,13,0,0,0,0,0,0,0,0,0,0,0,0,0,0,0,0,0,0
"Feature288",0,0,0,0,0,3,0,0,67,0,125,65,0,126,0,0,0,112,0,136,171,0,0,223,0,0,0,0,0,0,175,0,184,0,49,0,0,0,158,30,39,135,110,0,169,0,20,0,18,91,48,0,0,120,0,0,0,92,0,129,0,0,187,0,0,0,29,0,0,0,84,107,105,47,62,0,0,147,0,0,46,196,180,0,0,0,0,28,0,0,0,0,202,0,0,0,180,158,0,0
"Feature289",0,0,0,0,0,0,0,0,0,0,0,0,0,0,0,0,0,0,0,0,0,0,0,0,0,0,0,0,0,0,0,0,0,0,0,0,0,0,0,0,0,0,0,0,0,0,0,0,0,0,0,0,0,0,0,0,0,0,0,0,0,0,0,0,0,61,0,0,0,0,0,0,0,0,0,0,0,0,0,0,0,0,0,0,0,0,0,0,0,0,0,0,0,0,0,0,0,0,0,0
"Feature290",0,0,0,0,0,0,0,0,0,0,0,0,0,0,0,0,0,0,0,0,0,0,0,0,0,0,0,0,0,68,0,0,0,0,0,0,0,0,0,0,0,0,0,87,0,0,0,0,0,0,0,0,0,0,0,0,0,0,0,0,0,0,0,0,0,0,0,0,0,0,0,0,0,0,0,0,0,0,0,0,0,0,0,0,0,0,0,0,0,0,0,0,0,0,0,0,0,0,0,0
"Feature291",0,0,80,0,81,0,0,0,0,0,0,0,0,0,0,0,0,0,0,16,0,0,0,0,0,0,0,0,0,0,0,0,0,0,0,0,0,0,0,0,0,152,0,0,0,116,0,93,0,0,0,39,0,0,0,0,0,0,0,0,0,0,0,0,0,0,0,0,32,56,0,0,0,0,0,0,0,0,0,0,0,0,0,48,104,0,0,0,0,22,0,0,0,0,0,24,0,0,0,0
"Feature292",0,0,0,0,0,52,0,0,0,0,0,0,25,0,0,0,0,63,0,0,0,17,0,0,0,0,0,0,0,0,0,0,0,0,0,0,0,0,0,0,0,0,0,0,0,0,0,0,0,0,0,0,46,0,0,0,0,0,0,68,0,0,0,0,0,12,0,0,0,0,33,68,0,0,0,0,0,0,0,0,0,0,0,0,0,0,0,0,0,0,0,0,0,0,0,0,0,0,0,0
"Feature293",0,104,0,0,0,0,0,115,86,0,0,0,0,14,0,0,112,134,0,84,0,123,0,0,0,49,0,0,0,0,114,0,0,0,0,45,0,28,0,124,0,0,0,159,0,0,0,0,0,0,0,0,0,0,0,0,0,0,0,0,0,118,0,0,0,0,115,0,0,0,43,32,0,87,0,94,0,0,0,0,0,0,0,0,0,0,0,0,50,0,0,0,0,0,0,0,0,0,0,0
"Feature294",0,219,194,54,0,186,0,54,0,0,0,44,0,195,0,90,0,87,0,0,0,0,81,0,0,0,219,0,0,0,0,174,29,103,112,14,0,72,0,5,0,66,0,0,0,0,192,154,89,0,0,108,142,205,0,212,77,188,0,156,0,0,182,151,152,147,0,0,0,109,140,0,226,0,0,205,0,48,0,102,0,0,0,0,195,0,0,0,13,0,168,0,0,40,148,134,117,0,0,174
"Feature295",0,0,0,0,0,0,0,0,0,0,0,0,0,0,0,0,0,0,62,0,0,0,0,76,0,0,0,0,0,0,0,0,0,0,0,0,0,0,0,0,0,0,0,0,0,0,0,0,0,0,0,0,0,0,0,0,0,0,0,0,0,0,0,0,0,0,0,0,0,0,0,0,0,0,0,0,0,0,0,0,0,0,0,0,0,0,0,0,0,0,0,0,0,0,0,0,0,0,0,0
"Feature296",0,0,0,0,81,0,0,0,0,32,0,0,0,0,0,0,133,0,0,0,0,0,0,0,0,0,135,0,46,134,0,0,109,0,0,85,0,0,0,0,0,0,0,0,0,0,0,0,0,69,0,34,97,0,0,0,46,0,0,0,0,0,0,0,0,0,0,42,0,0,49,82,0,0,0,58,0,122,0,0,26,0,0,0,0,0,163,0,0,0,0,0,0,0,0,6,0,0,0,0
"Feature297",20,0,0,0,0,0,0,0,0,0,36,95,95,104,0,0,178,102,36,0,159,0,0,0,0,147,0,63,0,0,0,0,79,0,41,0,0,0,0,0,114,0,0,64,148,0,0,0,0,0,0,28,0,0,0,0,0,0,0,0,0,0,0,61,162,0,0,39,0,0,0,0,67,0,158,0,0,0,0,0,0,0,88,0,59,0,0,125,145,0,44,0,0,0,0,0,0,98,146,95
"Feature298_TP",84,163,121,0,137,121,224,0,0,148,188,178,131,254,126,46,0,232,171,0,0,171,123,95,94,0,54,0,149,86,164,120,183,201,78,0,136,0,133,136,111,0,106,117,258,199,48,0,111,113,76,140,0,69,185,111,0,206,130,107,74,58,0,144,0,122,142,125,131,119,0,193,219,78,125,193,0,114,213,46,0,0,95,0,186,0,37,246,46,0,0,0,0,109,0,140,200,178,162,0
"Feature299",0,0,0,0,0,0,0,0,0,0,0,0,0,0,0,0,0,0,0,0,0,0,0,0,0,0,0,0,0,0,0,0,0,0,0,0,0,0,0,0,0,76,0,0,0,0,0,0,0,0,0,0,0,0,0,0,0,0,0,0,0,0,0,0,0,0,0,0,0,0,0,0,0,0,0,0,0,0,0,78,0,0,0,0,0,0,60,0,0,100,36,0,0,0,0,0,0,0,0,0
"Feature300",0,0,0,0,15,0,0,0,0,0,0,0,62,0,0,0,0,0,0,0,0,0,0,0,0,0,0,0,0,0,0,0,0,0,0,57,0,0,0,0,0,0,0,0,0,0,0,0,0,0,0,0,0,0,0,0,113,0,0,0,0,0,0,0,0,90,0,0,0,0,0,0,67,0,11,0,0,0,0,0,0,0,0,0,0,0,0,0,0,0,0,0,0,0,0,0,27,0,29,0
